id,name,price,cate1
578,[특별구성]아마조니아 아사이베리 50gX13팩+쇼핑백 2장,181420,식품·건강
782,닥터슈퍼칸 12박스/12개월,164570,식품·건강
631,정관장 홍삼활력 PLUS 7박스/7개월,327000,식품·건강
349,노비타 비데 슈퍼슬림+세인트갈렌 칼블럭 세트,189000,가전·디지털
1319,미즈온 쌩얼 같은 미백 크리스탈 미라클 크림 35ML 4개 + 교체 퍼프 4개 + 마스크팩 20장 + 상품평 미즈온 워터 볼륨 아쿠아 젤 크림,69900,화장품·이미용
375,"미고머스트해브레깅스 5+1 / 본구성:기모치마레깅스 2종(블랙,  / 특별구성:사은품: 기모레깅스(브라운",38800,가전·디지털
754,[백수오 퀸(Queen)] 백수오 퀸 프리미엄 1세트(4주),149000,식품·건강
976,바로먹는 웰빙해초 20gX16봉,38900,식품·건강
1230,[조성아 22 (CHOSUNGAH TWENTYTWO)] [조성아22] 바운스업팩트 마스터 본품 2개 + 리필 2개 + 리얼췩 스무더 1종 + 무료체험분 + 유니레버 바세린 보습 2종! 롯데단독패키지,78900,화장품·이미용
796,울트라플로라 프로바이오틱스 4병/총8개월분,145270,식품·건강
1267,전인화 고유에 기초세트,149000,화장품·이미용
921,백수오 궁 [5개월],262000,식품·건강
1102,[이자녹스] [단품] 이자녹스 리액티브 컨센트레이팅 크림(주름기능성),72000,화장품·이미용
284,2014년형 헬스믹 프로,153070,가전·디지털
316,[삼성 TV] [스마트 40팩] 삼성 Full HD 3D LED 스마트 TV 101cm (UN40F6360AF) + 삼성 Full HD 3D LED 스마트 TV 80cm (UN32F6400AF),1580970,가전·디지털
629,영산포 숙성 홍어 모둠살회 200gX4팩+홍어 몸살회 200gX2팩+홍어회 무침 300gX2팩,38900,식품·건강
258,가마솥 중탕기 웰빙 오쿠(OC-2200PR),358000,가전·디지털
164,"[무이자 24개월!신한,삼성,KB 국민 카드시. 그 외카드 12개월][스탠드형] 삼성 스마트에어컨 Q9000 클래식 에메랄드 스탠드",1719000,가전·디지털
1490,베리떼 에센스 마블팩트,74250,화장품·이미용
1279,[오리팬] [단품] 오리팬 플러스 비누 1박스(55g x4),27000,화장품·이미용
346,파크론 온수매트 퀸+사은품,298000,가전·디지털
173,[일월 온수매트]2014년형 좌우 분리난방 온수매트 더블 (200 x 145cm),159000,가전·디지털
601,[정관장] 홍삼활력플러스(40mlx30포) 3박스＋홍삼정옥고(10gx5포) 1상자,198740,식품·건강
1228,New 리더스링클 특별패키지,148000,화장품·이미용
243,L: 삼성 스마트 Full-HD 3D LED TV 152cm UN60F6400AF [사은품 : 삼성 무선홈시어터 사운드바...],3429000,가전·디지털
1127,[허니블룸 바이 태양(Honey Bloom by Taeyang)] [허니블룸by태양] 헤어 볼륨 클렌징 트리트먼트 패키지,78800,화장품·이미용
218,사상최저가+무이자 20개월! [사은품 14인치 선풍기+반복제습제 15개!]2014 NEW[13리터] 위닉스 뽀송 제습기 DHD-139NSS(보관커버+집중건조킷포함! 에너지 소비효율 1등급/필터교체 NO/공기정화 단독 사용 가능! 5년무상 품질보증!),459000,가전·디지털
1096,이금희 피부밥 리얼 인텐시브 그레인 셀 패키지1-1,158000,화장품·이미용
176,[단품]2013 NEW에어비타 1개,99000,가전·디지털
1024,[아이오페(IOPE)] [아이오페] 에센셜 퍼밍 에센스 40ml,73000,화장품·이미용
784,이봉원의 뽕원이네 낙지볶음 200gX14팩+소스 70gX7팩,37900,식품·건강
580,휘오 다이아몬드샘물EC,0,식품·건강
1147,[단품] 네이처베이스 울트라 글로우 바디로션,38000,화장품·이미용
1060,리체나 향기염색제 16박스+특별구성,68110,화장품·이미용
588,국내산 담양 생 블루베리 [100g * 10팩],49900,식품·건강
1112,"[허니블룸 by 태양(HONEY BLOOM BY TAEYANG)] [허니블룸바이태양] 볼륨 클렌징 트리트먼트 2,600ml + 큐티클 헤어 브러쉬 + 무료체험분 + 스페셜 에디션 100ml",78800,화장품·이미용
1042,[아이오페(IOPE)] [단품] 아이오페 에어쿠션 XP 쉬머 (본품 15g + 리필 15g),40000,화장품·이미용
538,대웅제약 무브 12박스/12개월분,153070,식품·건강
401,[가격할인]다기능 영양식제조기 e-영양왕,148000,가전·디지털
926,시드팩토리 렌틸콩 [1kg*1팩],13000,식품·건강
844,완도활大전복 20~22미 (중량 : 1.4Kg 이상),68900,식품·건강
87,김수자 셀프 안마기,79900,가전·디지털
871,핀란디아 블루베리 12통,190100,식품·건강
723,국내산 녹차 참민어 총25마리,58900,식품·건강
1252,AHC 프리미엄 리얼아이크림 포페이스 세트,0,화장품·이미용
836,[아름다운 여성을 위한] 백수오시크릿 1병,98000,식품·건강
823,"[m]정관장 정옥고 총 1,600g /[온가족 건강에는 역시 정관장] 정옥고 1,200g(100g * 12병) +방송중 400g(100g * 4병)",299000,식품·건강
1196,[단품] 베리떼 멀티쿠션DX 파운데이션 본품 (케이스+케이스장착리필+추가리필+퍼프2개 포함,40000,화장품·이미용
686,오븐에구운 수제베이크 / 본구성:오븐에구운 수제 새우치즈?/ 특별구성:오븐에구운 수제 고구마무,48900,식품·건강
1236,[제니하우스 메이크업(JENNY HOUSE MAKE-UP)] [단품] 제니하우스 퍼펙트스킨 마블 선 팩트 (SPF 50+ / PA+++),44000,화장품·이미용
1398,[단품] 패리스힐튼 슈퍼젤 펄3종_ 크리스탈골드+ 네이비바이올렛+ 레드카펫8ML,70000,화장품·이미용
47,★특별사은품★ 썬라이즈 냉장/냉동 수납 블럭 포켓 용기 14개 + 키친아트 보온죽통 1개 ★웰빙푸드 다기능 건강식 죽제조기 영양왕 (DJ13K-D08D) + 특별 사은품,189000,가전·디지털
705,[로우알파인] 14 SS 라이프스타일 트래블 자켓 남성용,198000,식품·건강
942,[백수오 퀸(Queen)] 백수오 퀸 프리미엄 1세트(4주),149000,식품·건강
1170,리체나 향기염색제 16박스+몰리헨 업앤업 볼륨샴푸 200mlX2개+라이카 에코락 5종,68110,화장품·이미용
1364,AHC 캡처 히아루로닉 마스크 1박스,45000,화장품·이미용
1275,프랑스 럭셔리 향수 4종세트 (엘릭시르센슈얼 85ml+뉘데부르봉 30ml+솔라라 60ml+레버렌스 30ml),78110,화장품·이미용
840,관절팔팔 총6병+선물용쇼핑백 1장,179540,식품·건강
1006,[참존] [참존] 탑뉴스 GE 링클 액티브 정품 1+1 완벽더블 스페셜 패키지,98000,화장품·이미용
1277,[허니블룸 바이 태양(Honey Bloom by Taeyang)] [허니블룸by태양] 헤어 볼륨 클렌징 트리트먼트 패키지,78800,화장품·이미용
345,[레드-10인용] 쿠쿠 풀스텐 샤이닝블랙 CRP-HNXB107FR,408000,가전·디지털
1075,메디엘 퍼밍 마스크 세럼 30ml,75000,화장품·이미용
1093,로얄골드 100억 돌파 대 특집!! 사상 최저가 찬스!!로얄골드 파운데이션 세트,79900,화장품·이미용
1482,RE:NK 엑스트라 모이스트 더블 이팩트 세럼,68000,화장품·이미용
133,[하우젠] (스탠드15) 삼성 스마트 에어컨 Q9000 김연아 스페셜 엣지 스탠드형 48.8㎡ [AF15HVZB2WKT],1343050,가전·디지털
1253,AHC 프리미엄 리얼아이크림 포페이스 세트,76630,화장품·이미용
414,(M)아이나비 블랙프라임32G(차선이탈시스템),339000,가전·디지털
731,[27일 17시 입금완료건까지 설전배송]유진 코코넛 크런치 새우 250gX8팩,48900,식품·건강
938,[사조씨푸드] 통영 바다장어 21미,58900,식품·건강
188,[휴롬] 2세대 휴롬 주스기 (HH-SBF11),358000,가전·디지털
649,한복선 LA갈비 9팩 [(500g*9팩 총 4.5kg)],69900,식품·건강
1202,땡기미 살롱스타일러+더블업 올인원 볼륨에센스 1종,48900,화장품·이미용
1074,[단하루특집]엘렌실라 달팽이크림세트,77220,화장품·이미용
297,[삼원온스파] (싱글)2014년형 삼원온스파 온수매트,113000,가전·디지털
542,2014 NEW 한줌견과 골드 [90봉],58110,식품·건강
613,2014 NEW 한줌견과 골드 [110봉],58110,식품·건강
1290,카트린 내추럴100 미네랄 썬킬 [파우더 트리플 패키지],69000,화장품·이미용
96,위닉스 뽀송 제습기 16L (DHD-169GSS),499000,가전·디지털
861,[NY212] 코튼모달 ART 컬렉션 5종,78900,식품·건강
304,삼원온수매트 퀸+싱글,258800,가전·디지털
389,"휴테크 프리미엄 안마의자 뉴 T-7 [(49,500원/月)]",0,가전·디지털
371,[딤채] (418L) 위니아 딤채 스탠드 418L,1668030,가전·디지털
527,아마조니아 아사이베리 50gX13팩+밀폐용기,178000,식품·건강
858,10대 푸드 귀리 10kg/10봉,38900,식품·건강
1347,스템셀 본품2종 [(스킨150ml+로션130ml)],78000,화장품·이미용
167,2015년형 신제품 출시!바디프랜드 렌탈 안마의자 무료 상담예약,0,가전·디지털
1162,리제떼 매직 화이트닝 크림 세트,68210,화장품·이미용
475,[보루네오] BIF 보루네오 로니 프라임 라텍스탑 소파 (4인),1098000,가전·디지털
789,한줌의 보너츠 본품 110봉,59900,식품·건강
1327,베리떼 쿠션 파운데이션,40000,화장품·이미용
1246,A.H.C 프리미엄 리얼 아이크림 포 페이스(선케어 3종+히아루로닉앰플2종),78000,화장품·이미용
721,[영월농협] 동강마루아카시아 벌꿀 (병2kg)/농협중앙회품질인증,42330,식품·건강
606,맛젤 해남 호박고구마 총8kg,28710,식품·건강
313,노스텔지아 천연 과일 아이스크림 제조기,78400,가전·디지털
1062,셀더마 하이드로겔 시트 시즌 7 넥마스크 [(단품)],30000,화장품·이미용
515,트리플케어 징코멕스F,172570,식품·건강
1394,(단품)A.H.C 프리미엄 리얼 아이크림 포 페이스 ,47000,화장품·이미용
473,LG휘센 제습기 15L,399000,가전·디지털
197,김약사네 단백질다이어트 750gX3통+375gX1통+쉐이커,97020,가전·디지털
749,보나베띠 수제통살 찹스테이크 [1팩],12900,식품·건강
1071,[단품] 썬킬 미네랄 파우더 브러쉬형,32000,화장품·이미용
845,임호의 노르웨이 슈페리어 훈제연어 (140g*8팩+방송중에만 3팩더+어니언 소스까지),58900,식품·건강
681,[특별구성]울트라플로라 프로바이오틱스 6병/총12개월분,188130,식품·건강
1307,[아이오페(IOPE)] [단품]아이오페 에센셜 미네랄 스파크림 50ml,72000,화장품·이미용
627,[8개월분]세계1등 유산균 덴마크 유산균 이야기 2병+2병 총 8개월분,158000,식품·건강
1312,르세라이 마르세유 솝 500ml(로즈),38000,화장품·이미용
1104,[맥스클렌저 500억 돌파! 브러쉬2개 특집!] 맥스클리닉 로즈비타민오일 스파클렌저! 정품 최다 700%+ 입체 속살브러쉬 2개까지!,71910,화장품·이미용
570,2014 NEW 한줌견과 골드 [견과 1세트(25봉)],29900,식품·건강
852,미인을 위한 석류즙 6박스/126팩,164490,식품·건강
829,덴마크 유산균 이야기 총 4병 / 8개월분,158000,식품·건강
592,아벡솔 지.아이 3박스,188130,식품·건강
1441,오뜨스킨 황금실크 고마쥬 / 본구성:오뜨스킨 황금실크 고마쥬  / 특별구성:오뜨스킨 황금실크 고마쥬,76830,화장품·이미용
1345,에비던스 드 보떼 럭셔리 세트,269000,화장품·이미용
1073,아이오페 에어쿠션XP [(에어쿠션4개용량 + 릴리프크림 + ...],80000,화장품·이미용
551,한성젓갈셋트,38900,식품·건강
1028,로페 350억 돌파 뽕고데기 최신판 특집 방송 ,58900,화장품·이미용
434,[리뉴얼런칭]다본다 블랙박스 뉴클래식 32GB+무료설치쿠폰+외장 GPS 모듈,274550,가전·디지털
1197,지그재그 무빙 마스카라액 [(단품)],0,화장품·이미용
622,황금렌틸콩 12팩(400g) + 황금귀리 11팩(400g),49900,식품·건강
424,"[모든카드 무이자 12개월 / 선풍기 증정]LG 휘센 제습기 15리터 [LD-159DPP(Y) 핑크,그린라임_제습능력15L]",489000,가전·디지털
494,[LG TV] [50팩] LG 시네마 3D 스마트 TV 126cm (50LA6230) + LG HD LED TV 72.3cm (29MN33D) + LG 풀HD LED TV 54.6cm (22MA53D),2150550,가전·디지털
1047,[수려한] [단품] 수려한 채아율 크림,97000,화장품·이미용
439,[렌탈] 현대정수기 프리오,0,가전·디지털
112,파워 도깨비 방망이 V-8000-1,99000,가전·디지털
813,빨강 웰빙 햇 호두 171gX10봉,44910,식품·건강
758,바로커 햇참식 프리미엄 30gx80포+쉐이커컵,179540,식품·건강
837,(m)유산균 이야기 8병(16개월분) 방송1주년 기념 특별구성,197000,식품·건강
121,"[렌탈] 코체안마의자 매직클래스900 (월 49,500원 x 39개월) 사은품 음이온 발선풍기",0,가전·디지털
122,All new 최신 파워 도깨비방망이,98000,가전·디지털
232,삼성 Full HD 3D LED 스마트 TV 125cm UN50H6400AF + 삼성 무선홈시어터 사운드바 HW-H4... [사은품 : 삼성 쎈 청소기 + 3D안...],1649000,가전·디지털
46,[해피콜] [단품] NEW 해피콜 28cm 그랜드웍 (유리뚜껑 포함),84000,가전·디지털
34,[장수산업] 베드벤치,297500,가전·디지털
253,(50인치)삼성 LED TV + 무선홈시어터 삼성사운드바,1869000,가전·디지털
183,대성헬스믹 DA-6000,158000,가전·디지털
612,정관장 홍삼활력 PLUS 7박스/7개월,320150,식품·건강
191,캐논빔전용파우치,36000,가전·디지털
1437,"[허니블룸 by 태양(HONEY BLOOM BY TAEYANG)] [허니블룸바이태양] 볼륨 클렌징 트리트먼트 2,600ml + 큐티클 헤어 브러쉬 + 무료체험분 + 스페셜 에디션 100ml",78800,화장품·이미용
633,대웅제약 무브 12박스/12개월분,138000,식품·건강
1464,"[코리아나] [단품] 코리아나 발효 화이트닝 토너 150ml / 미백, 주름개선 기능성",49000,화장품·이미용
288,NEW LG 통돌이 세탁기 17kg [사은품 : 에스프레소 머쉰+식품건조기...],799000,가전·디지털
202,(싱글렌즈패키지)캐논 DSLR 100D,908000,가전·디지털
881,화제의 해O주스 ★100만팩 돌파특집★,109000,식품·건강
820,"청도여행 / 본구성:[배로 저렴하게, 배로 즐겁",0,식품·건강
939,자연애 담은 자연산 바다장어 (총24마리),58900,식품·건강
1148,[단품] 네이처베이스 스파필링 BY 황금희_바디용,35000,화장품·이미용
1315,고유에 스킨피니셔 100ml,75000,화장품·이미용
795,뉴 에브리데이 넛츠 20g * 90봉 + 마카다미아 넛츠 20g * 20봉,59900,식품·건강
839,울트라플로라 프로바이오틱스 4병/총8개월분,145270,식품·건강
27,[2만원세일] 휴스톰 듀얼스핀 물걸레 청소기 (극세사패드 총 6장),129000,가전·디지털
1233,[조성아 22 (CHOSUNGAH TWENTYTWO)] [단품] 조성아22 풀 문 파티 2.2g,31000,화장품·이미용
977,이경희박사 체지방 더블컷 다이어트 버닝 6박스/90일분,147420,식품·건강
190,위닉스 뽀송 제습기 16L (DHD-169GSS),499000,가전·디지털
970,자연이 준 잣 100gX6팩,48900,식품·건강
1030,[단품] 썬킬미네랄 교체형 퍼프,4000,화장품·이미용
709,뼈없는 양념닭발 세트 [(양념닭발10봉+근위볶음이2봉)],37910,식품·건강
1385,[SS샤이니(SSSHINY)] [SS 샤이니] 일명 다이아몬드 빵빵 고데기 디지털! 1+1 행사,49900,화장품·이미용
769,[1촌1명품] 고창 복분자 생과 650G*2박스,25900,식품·건강
135,터키여행 / 본구성: 터키,0,가전·디지털
863,[softbag] 소프트백 브릿지 아나콘다백 + 트윌리 스카프 + 미니 브릿지,149000,식품·건강
1077,[단품] 맥스클리닉 허벌비비 40ML,45000,화장품·이미용
809,[특별구성]닥터 써큐원 9개월분,158000,식품·건강
215,"휴테크 프리미엄 안마의자 T-7 [(49,500원/月)]",0,가전·디지털
869,빅마마 깜짝 폭립 하와이안 BBQ 1팩,17000,식품·건강
154,가마솥 중탕기 웰빙 오쿠(OC-2200PR/PB),358000,가전·디지털
1442,★방송 중에만 2+2 파격 구성!베리썸 웁스 마이 립틴트팩 세트,69900,화장품·이미용
327,[한정기간! 반복사용 제습제 3개+봉투형 제습제 15개 증정!]2014 NEW 최신상![13리터] 위닉스 뽀송 제습기 DHD-139NSS(보관커버+집중건조킷포함! 에너지 소비효율 1등급/필터교체 NO/공기정화 단독 사용 가능!),459000,가전·디지털
821,주원산오리 미소훈제 18팩+후레쉬겨자소스 110g,58310,식품·건강
355,[단하루특집]반신욕기 힐링유세트+쿠쿠 10인용 전기압력밥솥(CRP-G105M),749550,가전·디지털
1108,[게리종(GUERISSON)] [단품 GUERISSON] 게리송 나인 컴플렉스 에센스,33000,화장품·이미용
1174,닥터코스 최대용량 패키지,78000,화장품·이미용
704,싸쎄 엘라스틱 메쉬 샌들,68000,식품·건강
1496,"[단품]패리스힐튼 LED램프_CJ가 75,000",75000,화장품·이미용
966,[특별구성]국내산 햇 손질꽃게 12팩,58310,식품·건강
1336,바운스 플래쉬 뷰티밤 리필 12g,22000,화장품·이미용
870,캐나다 프레블 스노우크랩 [4팩],50900,식품·건강
642,불고기 브라더스 석쇠 불고기 [180g*12팩],49900,식품·건강
1420,참존 디에이지 레드 에디션 스킨 토너 110ml,20000,화장품·이미용
1446,파라팜 퍼퓸 에어 볼류머 [8gⅩ3개(레몬민트/피치소르벳/체리블라썸)],59900,화장품·이미용
1466,[에스프레소(ESPRESSO)] [단품] 에스프레소 헤어 컬러 에센스(레드:와인색),44820,화장품·이미용
717,[GS SHOP 대표 히트 상품] [산지애] 씻어나온 세척 햇 사과 1박스+1박스+1박스 (총10.5kg / 36-48과),59900,식품·건강
804,[단하루특집]녹십자HS 명장 총12박스/12개월분,162820,식품·건강
1142,(23호) 오리지날 아티스트 메이크업! 초히트 손앤박 슈퍼피팅 파운데이션 시즌2 - 사상 최초 전 고객 파운데이션 조건없이 4개! 한창서의 뷰티쇼 단 한번 독점구성,69900,화장품·이미용
1388,(단품)A.H.C 프리미엄 리얼 아이크림 포 페이스 ,47000,화장품·이미용
436,[쿠쿠(CUCKOO)] 쿠쿠 나노포지티브 정수기 렌탈,0,가전·디지털
767,통삼겹10팩+1팩 더(간장6팩+고추장5팩),49900,식품·건강
1076,퍼밍에센스 40ml,70000,화장품·이미용
410,단품_상시전원케이블,15000,가전·디지털
788,국내최초 위건강기능식품 아벡솔 GI 1+1+1 총 3박스 90정,187000,식품·건강
897,대상 발효효소의 비밀 프리미엄 총330포,172570,식품·건강
1392,(단품)A.H.C 프리미엄 리얼 아이크림 포 페이스 ,47000,화장품·이미용
1366,"[허니블룸 by 태양(HONEY BLOOM BY TAEYANG)] [허니블룸바이태양] 볼륨 클렌징 트리트먼트 2,600ml + 큐티클 헤어 브러쉬 + 무료체험분 + 스페셜 에디션 100ml",78800,화장품·이미용
98,김수자 셀프 안마기,69900,가전·디지털
1115,[이자녹스] [단품] 이자녹스 리액티브 컨센트레이팅 크림(주름기능성),72000,화장품·이미용
287,밀리타클래식_아로마보이세트(화이트),68000,가전·디지털
262,L: 삼성 스마트 Full-HD 3D LED TV 116cm UN46F6360AF [추가구성 : 삼성 무선홈시어터 사운드...],1699000,가전·디지털
998,닥터 써큐원 4세트/8개월분,163800,식품·건강
20,[단품] LG가스 3구쿡탑,278000,가전·디지털
136,삼성 아티브북 4 기본팩 NT450R5E-K45 [인텔 3세대 아이비브릿지 펜티엄 듀얼...],0,가전·디지털
818,박경호의 녹용활력 총120포,125770,식품·건강
1154,이자녹스 셀레니엄 오로라 세럼 50ML,130000,화장품·이미용
1478,[최신상 럭셔리 볼륨쿠션] 런칭특집 정품2+리필3+ 26색 풀컬러박스 + 수려한 기초2종 전고객 단한번,78000,화장품·이미용
635,정관장 홍삼활력 PLUS 7박스/7개월,327000,식품·건강
162,아너스 듀얼회전 물걸레청소기,159000,가전·디지털
84,국내산 햇손질꽃게+후라이팬 / 본구성:● 손질꽃게 350g × 6팩 = / 특별구성:● 손질꽃게 350g × 5팩 =,88010,가전·디지털
923,핀란디아 블루베리 12통,190100,식품·건강
559,[정관장] 정관장 홍삼정 마일드 1병 (100g*1병),58000,식품·건강
210,[블랙-6인용] 쿠쿠 풀스텐 샤이닝블랙 CRP-HSXB0630FB,288000,가전·디지털
179,사상최저가! 최대 6만원 할인+무이자 20개월! [사은품 14인치 선풍기+반복제습제 15개!]2014 NEW[13리터] 위닉스 뽀송 제습기 DHD-139NSS(보관커버+집중건조킷포함! 에너지 소비효율 1등급/필터교체 NO/공기정화 단독 사용 가능! 5년무상 품질보증!),399000,가전·디지털
557,[정관장] 정관장 홍삼정 마일드 1병 (100g*1병),58000,식품·건강
1318,★오직 방송 중에만 4+1찬스★이태리 밀크쉐이크 2탄/ 헤어케어 종결자! 인크레더블 밀크,69800,화장품·이미용
153,[딤채] (418L) 위니아 딤채 스탠드 418L [DSH423TCW],1668030,가전·디지털
1463,구르뽕 1+1 스페셜 패키지,59900,화장품·이미용
403,삼성 전자동세탁기 15kg WA15E6K4QSW [사은품 : 6단형건조대 + 액체세제 ...],0,가전·디지털
1210,엘렌실라 달팽이크림세트,77220,화장품·이미용
651,지리산 발효 흑양파진액 100%,48900,식품·건강
571,마카다미아 넛츠 20g * 20봉,25900,식품·건강
1283,수려한 녹용콜라겐세트,149930,화장품·이미용
1462,메디엘 퍼밍 마스크 세럼 패키지,86330,화장품·이미용
929,이롬 황성주 생식 플러스 16주분+쉐이커,172730,식품·건강
1019,손앤박 스킨 밤 파운데이션,54000,화장품·이미용
1221,RE:NK 엑스트라 모이스트 에센스 인 토너,38000,화장품·이미용
2,[단하루특집]모뉴엘 로봇청소기+극세사걸레 3장 (공짜3명 찬스),417050,가전·디지털
80,[위닉스(WINIX)] [DHD-169OSST] 위닉스 제습기 16L형,469000,가전·디지털
867,장재식의 4채3과이야기 총56회분,121870,식품·건강
653,e 백수오궁 3개월분,169000,식품·건강
171,2014 NEW 최신상![전고객 막대형 제습제 3종+옷걸이형 제습제 1세트 증정!][16리터] 위닉스 뽀송 제습기 DHD-169NSS(보관커버+집중건조킷포함! 에너지 소비효율 1등급/필터교체 NO/공기정화 단독 사용 가능!),469000,가전·디지털
1097,이자녹스 X2D2 오원 발효 에센스 세트,69000,화장품·이미용
1316,[단품] 패리스힐튼 슈퍼젤_블루 바이올렛 8ML,25000,화장품·이미용
1460,[단품] 리엔케이 리얼 화이트 세럼(미백라인),80000,화장품·이미용
83,[쿠첸(CUCHEN)] 쿠첸 압력밥솥 6인용 (WPQ-C0605EV),139000,가전·디지털
365,★특별사은품 한경희워터클리즈★ 웰메이드 휴롬으로 웰빙하세요2세대 휴롬 원액기 HH-SBF11,358000,가전·디지털
307,쿠쿠 IH압력밥솥 3인용 (CRP-HQXT0310FR)+사은품 2종,247000,가전·디지털
126,[단품]2013 NEW에어비타 1개,99000,가전·디지털
1000,"[아이오페(IOPE)] [아이오페] 에어쿠션 XP 오리지널 최대용량 (본품 15gx2개, 리필 15gx2개, 중용량 4g)+퍼프 총 5개+아이오페 정품 3종+무료체험분 + 전고객 스파백!",79000,화장품·이미용
675,정관장 홍삼활력 PLUS 7박스/7개월,321830,식품·건강
842,매일건강 에브리데이 넛츠 100봉 [아침에 활력 50봉 + 오후에 휴식 50봉],59900,식품·건강
1378,TOK 톡젤 2014년 100억 돌파 특집 젤네일 패키지4-1,88000,화장품·이미용
1017,맥스클리닉 로즈 비타민 반전 오일클렌저 최대용량 특집 패키지(10),78900,화장품·이미용
1428,탱글엔젤 헤어브러쉬 바이올렛+핑크 한정세트,39900,화장품·이미용
831,롯데 헬스원 다이어트 마테 12주분,141900,식품·건강
52,[1사1명품] 더하이브 전동드라이버 (1세트) / 간편한 USB충전식 / 미니사이즈,42000,가전·디지털
1304,메르비 초음파 이온마사지기세트+휘올라 마사지 업 젤 200mlX5개+그레미또만쪼니 시그니처 보스턴백,210500,화장품·이미용
667,정관장 홍삼활력 PLUS 7박스/7개월,327000,식품·건강
1189,페라가모 인칸토 아미티 EDT 30ml 1병,59000,화장품·이미용
354,[막판물량! 300대 한정!][최대 4만원 할인! 전고객 한경희 워터살균기 클리즈+전용 거치대 증정!]최신상 2세대 휴롬원액기 HH-SBF11,358000,가전·디지털
1299,피지오겔 크림 75ml,27000,화장품·이미용
992,아마조니아 아사이베리 50gX13팩+밀폐용기,171860,식품·건강
1415,[단품] 조성아22 헤나립스틱,27000,화장품·이미용
1250,AHC 프리미엄 리얼아이크림 포페이스 세트,79000,화장품·이미용
892,빨강 웰빙 햇 호두 171gX10봉,44910,식품·건강
713,빅마마 뚝딱 만능 된장 [만능된장 3병],39000,식품·건강
9,2014년형 오쿠 압력 중탕 수증기오븐 (블랙),357000,가전·디지털
885,[27일 17시 입금완료건까지 설전배송]삼육 두유 총102개,39900,식품·건강
1192,[시크릿에이지(SECRET AGE)] [시크릿에이지] 슈멜츠EX 크림 60g*2 + 프리미엄 기초 5종 특별패키지,78900,화장품·이미용
832,한삼인 순홍삼 9개월분/총270포,211460,식품·건강
545,정관장홍삼정마일드 1병,59000,식품·건강
569,FILA 파워포켓 드로즈패키지+1종,99900,식품·건강
1430,미아미야 믹스앤매치 4종 세트,48900,화장품·이미용
887,대상 롱앤키 600mgX40정X9개/3세트,283630,식품·건강
1111,참존 토탈에너지 기초세트,97020,화장품·이미용
532,한삼인 순홍삼 240포/8개월분,177000,식품·건강
113,삼성 세라믹 전자레인지 23L MS23F301TAW,145000,가전·디지털
335,메디니스 프로 77 플러스 마사지기,188000,가전·디지털
75,[특별 사은품 증정!]한경희 죽 제조기/ 죽 마스터 HFM-1000,159000,가전·디지털
1497,[단품] 패리스힐튼 슈퍼젤_블루 바이올렛 8ML,25000,화장품·이미용
428,다본다 드림 32G,349000,가전·디지털
1128,[단품] 마이페이버릿 키트2,69000,화장품·이미용
382,LG 3D LED 스마트 TV 42LA6650,1089000,가전·디지털
282,[삼성 TV] 삼성 에어트랙 홈시어터 [HW-F450],487060,가전·디지털
457,쿠쿠 제습기(CDH-H1645FW)(16L),318000,가전·디지털
605,백수오 궁 [1개월],150000,식품·건강
1259,[허니블룸 by 태양(HONEY BLOOM BY TAEYANG)] [단품] 허니블룸바이태양 트리트먼트 여행용 스페셜 에디션 100ml,18000,화장품·이미용
270,[삼성전자] 삼성 스마트오븐 (MC32F604TCT),322000,가전·디지털
1061,新 수려한 효 세트,147440,화장품·이미용
1036,참존 디에이지 레드 에디션 탄력크림,30000,화장품·이미용
1025,[아이오페(IOPE)] [아이오페] 에어쿠션 XP,40000,화장품·이미용
161,[국내 유일 특허! 진공 흡입 온수 보일러 탑재! 전자파 걱정 NO! ][CJ 론칭]2014년형 최신모델 삼원 온스파 온수매트(싱글)(200*100),268000,가전·디지털
1276,한율 고결 에센스 35ml,75000,화장품·이미용
93,오븐에 구워나온 오감찰바,38900,가전·디지털
319,[LG전자] LG 직수형 정수기 렌탈,0,가전·디지털
630,이경제 황제 침향원 55환,377150,식품·건강
1436,르페르 캐비아 미라클 바이오 마스크,128000,화장품·이미용
150,파크론 온수매트 킹+사은품,321100,가전·디지털
914,국내산 大반건조오징어 230gX10팩,39900,식품·건강
192,LG 휘센 제습기 15리터 [LD-159DPP(Y) 핑크/그린라임_제습능력15L],479000,가전·디지털
690,애플트리 악마다이어트 발포가르시니아 4박스/8주분,58310,식품·건강
984,[e파격구성! 여에스더 유산균 총8개월분] 100억마리유산균 울트라플로라 프로바이오틱스 2병+2병 총4병,149000,식품·건강
989,정관장 홍삼정옥고 100gX16병+쇼핑백 3장,289000,식품·건강
1081,파라팜 퍼퓸 에어 볼류머 피치소르벳 8g,36000,화장품·이미용
1332,[단품] 아이오페 NEW! 모이스처 인텐스 에멀젼 120ML,38000,화장품·이미용
843,내몸애 순 양파즙 120mlX100포,39900,식품·건강
344,모뉴엘 로봇청소기+극세사걸레 3장 (공짜 3명 찬스),417050,가전·디지털
1480,CC크림 바이 에스다이어리 워터 클렌저 [(단품)],42000,화장품·이미용
1408,★최다구성!! 광채 틴티드 앰플 최초증정!! 탱글이 크림 마지막!!★[조성아22][1호]퍼밍 캡슐 파운데이션 C&T블렌더 라운드3!,89000,화장품·이미용
364,L: 삼성 ATIV Book 4 프리미엄팩 NT450R5E_K2H [인텔 아이비브릿지 펜티엄 듀얼코어 2...],898000,가전·디지털
676,정관장 홍삼활력 PLUS 7박스/7개월,321830,식품·건강
1455,RE:NK K라인 블랙에디션RE:NK K라인 블랙에디션,300000,화장품·이미용
376,2014년형 스팀보이 온수매트(퀸) [[2000×1500mm]],174000,가전·디지털
803,[쟈키] 쟈키[단품]브라팬티 블랙 아이보리 중 택1,65000,식품·건강
646,장세순 친환경 햇 발아현미 20봉 / 본구성:▣ 무농약 발아현미 600g * / 특별구성:▣ 무농약 발아현미 600g *,56820,식품·건강
587,[정관장] 홍삼활력플러스(40mlx30포) 1박스,67600,식품·건강
971,(m)유산균 이야기 4병(8개월분),148000,식품·건강
74,[하이케어(HIcare)] [하이케어레이디] 하이케어레이디 생리통완화 의료기(화이트),183000,가전·디지털
466,"[삼성 아티브북4 블랙]삼성 ATIV북 4 [NT450R5E-K3CB] 39.6CM(15.6형) / 16:9 LED / 인텔 3세대 아이비브릿지 듀얼코어 CPU I3 PROCESSOR 3120M(2.50GHZ,3MBL3CACHE) / 8GB / 1TB / WINDOWS 8.1(64BIT) /블루투스 4.0",978000,가전·디지털
969,남해산 발효흑마늘의힘 30포X4박스+남해산 발효통흑마늘 5개,140380,식품·건강
1390,(단품)A.H.C 프리미엄 리얼 아이크림 포 페이스 ,47000,화장품·이미용
447,피부전문가 필링 차앤박 화이트필(에멀젼+밸런스시트) 단품,59000,가전·디지털
1012,크로마스크 헤어컬러 매니큐어 1병,49000,화장품·이미용
317,[에넥스텔레콤] [에넥스텔레콤/395요금제/36개월] 에넥스텔레콤 LG L70 + 삼성전자 김치냉장고(스탠드형 280L) 패키지,1469600,가전·디지털
604,피앙세 다이어트 사이즈핏 (1박스/2주분),79000,식품·건강
880,매일건강 에브리데이 넛츠 아침에 활력 25봉,32900,식품·건강
657,과일의여왕 아이스애플망고 100gX10개X5팩 총5kg,38900,식품·건강
339,해피콜 IH 인덕션레인지 / HC-IH2000,147000,가전·디지털
894,"한복선 갈비탕 [(10팩 , 20인분)]",39900,식품·건강
1477,이자녹스 녹스랩 레티놀 아이크림 기획,23980,화장품·이미용
233,삼성 Full HD 3D LED 스마트 TV 125cm UN50H6400AF [사은품 : 삼성 무선 진공청소기 + ...],1414400,가전·디지털
1472,"[코리아나] [단품] 코리아나 멜라 비타 팩트 세트 / SPF 50+, PA+++",68000,화장품·이미용
10,김약사네 단백질다이어트 750gX3통+375gX1통+쉐이커,97020,가전·디지털
708,내몸애 순 양파즙 120mlX100포,39900,식품·건강
1356,(단품)리제떼 매직화이트닝 크림 플러스,42000,화장품·이미용
833,밀리타 원두분쇄커피세트(블루마운틴+이탈리안구어메이+저먼프리미엄),27000,식품·건강
1219,베리떼 멀티쿠션 파운데이션 [방송중에만 파운데이션 500% + 수...],76000,화장품·이미용
1132,로페 볼륨매직 뽕고데기 [[현대홈쇼핑 단독]],59900,화장품·이미용
1258,[조성아22][1호단품]퍼밍 캡슐 파운데이션 C&T블렌더 라운드3! 조성아22 시그니처 파운데이션,69000,화장품·이미용
485,"화질은 역시 LG 말이 필요없는 스마트TV[47]LG 시네마 3D 스마트 LED TV(119cm)_47LA6250S,W [스탠드형,벽걸이형]",1479000,가전·디지털
1166,톤앤링클 아이크림 25ml,72000,화장품·이미용
1414,더블업 쌍꺼풀메이커세트,67320,화장품·이미용
543,키즈 닥터덴탈케어 250ML 1개,14800,식품·건강
41,코웨이 렌탈정수기 에코포트 냉온정수기 (모델명 : CHP-290N) / 애플정수기 (모델명 : P-251N),0,가전·디지털
1263,리제떼 매직 화이트닝 크림 세트,68210,화장품·이미용
1054,(샴푸 더블세트) 댕기머리 진기현 프리미엄,118000,화장품·이미용
561,[정관장] 정관장 홍삼정 마일드 1병 (100g*1병),58000,식품·건강
668,이경제 황제 침향원 60환,378000,식품·건강
1046,[수려한] [단품] 수려한 채아율 크림,97000,화장품·이미용
68,[특별구성]아이나비 블랙박스 Mach View 32G+무료장착 쿠폰+불스원 살라딘 차량실내탈취제 250ml+다용도크리너(70매입),293550,가전·디지털
972,[장길영사과] 2014 장길영 사과4kg,33000,식품·건강
738,사조대림 감자떡만두세트,38900,식품·건강
957,순수백수오 50gX3병X2박스,170990,식품·건강
862,완도中활전복 26미/총1.3kg,68210,식품·건강
628,[28일 17시 입금완료건까지 설전배송]수협 겨울철 별미 손질대구,39900,식품·건강
413,단품_루셀 선일금고 41L 귀금속 보관함,20000,가전·디지털
1213,엘렌실라 달팽이크림세트,77220,화장품·이미용
240,삼성 Full HD 3D LED 스마트 TV 121cm UN48H6400AF + 삼성 무선홈시어터 사운드바 HW-H4... [사은품 : 삼성 쎈 청소기 + 3D안...],1499000,가전·디지털
1286,진세노: 정 링클 리페어링 아이세럼 30ml,110000,화장품·이미용
726,[꾸이맨(GGOOEMAN)] 꾸이맨 40팩,38900,식품·건강
1242,AHC 프리미엄 리얼아이크림 포페이스 세트,79000,화장품·이미용
1308,[단품] 쥬비앙스 스컬프팅세럼 30ML,89000,화장품·이미용
362,동양매직 렌탈 패키지(냉온정수기 모델명:WPU8235 /비데 모델명:BID-8236),0,가전·디지털
1285,미키모토 코스메틱 에센스 마스크팩 1박스(17mlx6매),120000,화장품·이미용
71,LG 통돌이 세탁기 17kg [(사은품 : LG동글이청소기 + 그릴...],869000,가전·디지털
953,과집이 남다르다 산지애 총3박스~!![GS SHOP 대표 히트 상품] [산지애] 씻어나온 세척 햇 사과 1박스+1박스+1박스 (총10.5kg / 36-48과),59900,식품·건강
1195,[허니블룸 바이 태양(Honey Bloom by Taeyang)] [허니블룸by태양] 헤어 볼륨 클렌징 트리트먼트 패키지,71820,화장품·이미용
647,"항산화의 보고, 피부건강에 도움 수퍼푸드 스피루리나하와이안 퓨어 스피루리나 3+3통",159000,식품·건강
168,폴프랭크 캐논 100D 속사케이스 스트랩 세트 (줄리어스 리미티드),98000,가전·디지털
660,정관장 홍삼활력 PLUS 7박스/7개월,321830,식품·건강
853,탐해진미 제주은갈치 35토막+고등어 10미,58310,식품·건강
1335,셀더마 하이드로겔 시트 시즌 7 브이 페이스 패치 [(단품)],35000,화장품·이미용
618,[특별구성]이롬 황성주 생식 플러스 16주분+쉐이커+이롬 리얼블루베리 30포,181420,식품·건강
395,다본다 드림 블랙박스 16GB,329000,가전·디지털
679,정관장 홍삼활력 PLUS 7박스/7개월,321830,식품·건강
198,[루헨스] 루헨스 정수기 렌탈 직수형 / 실속형 정수기,0,가전·디지털
1178,RE:NK 엑스트라 모이스트 에센스 인 토너,38000,화장품·이미용
123,뉴애플 손지압 온열마사지기세트,122000,가전·디지털
60,2세대 휴롬원액기 HH-SBF11 [사은품 : 영양죽제조기 + 라이카 죽통],358000,가전·디지털
225,삼성 3D 스마트 LED TV(40인치) + 삼성 LED TV(29인치) + 삼성 에어트랙 + 가이타이너 그릴,1729000,가전·디지털
1389,[조성아22][2호]퍼밍 캡슐 파운데이션 C&T블렌더 라운드3!,89000,화장품·이미용
896,[가격할인]정관장 홍삼활력 PLUS 7박스/7개월,311100,식품·건강
865,[런칭상품]주원산오리 오릿대 양념주물럭 300gX10팩,48900,식품·건강
611,손질갈치 51토막,48900,식품·건강
417,NEW  대성헬스믹! 미니믹서기 + 믹싱볼 3종 ,157000,가전·디지털
1397,[아이오페(IOPE)] [아이오페] NEW 모이스처 인텐스 핑크 1+1완벽더블 패키지,129000,화장품·이미용
1049,(e)설특집! 이자녹스 리액티브 프리스티지 패키지(01),138000,화장품·이미용
915,손질갈치 51토막,48900,식품·건강
111,단품_ST.이미숙_에센셜 가오리 티셔츠,54000,가전·디지털
1188,[SS샤이니(SSSHINY)] [SS 샤이니] 일명 다이아몬드 빵빵 고데기 디지털!  골드 다이아몬드 고데기 하나 더 행사!,58900,화장품·이미용
172,[쿠쿠] 쿠쿠 풀스텐 IH 샤이닝블랙 6인용 (CRP-HSXB0630FB),363000,가전·디지털
1180,[필앤커버 단품] 링클케어 크림 50ML,40000,화장품·이미용
757,천연모 일반롤 1개,10000,식품·건강
1193,"[허니블룸 by 태양(HONEY BLOOM BY TAEYANG)] [허니블룸바이태양] 볼륨 클렌징 트리트먼트 2,600ml + 여행용 파우치 5개 역대 최대용량 패키지",71820,화장품·이미용
1057,메디엘 퍼밍 마스크 세럼 30ml,75000,화장품·이미용
1457,(단품)A.H.C 캡쳐 브라이트닝 앰플(50ml),59000,화장품·이미용
1027,셀더마 하이드로겔 시트 시즌 7 넥마스크 [(단품)],30000,화장품·이미용
1432,천연 미네랄 100% 미네랄 썬킬 최다정품 시즌 대공개,68000,화장품·이미용
1121,"아이오페 5,000억 매출 달성 특집 구성아이오페 에어쿠션 네츄럴 본품2+리필2세트~ 최고가크림,에센스!최신상아이크림까지!",80000,화장품·이미용
528,[특집] 넛츠데이(nuts day),53910,식품·건강
1495,[클라우드 나인(CLOUD NINE)] [롯데단독][클라우드나인] 블랑 드 화이트 롯데 단독 패키지,62100,화장품·이미용
644,전철우의 LA소갈비 600gX7팩+키친아트 오로라 다이아몬드 후라이팬 3종,97910,식품·건강
493,[스탠드형] 삼성 스마트에어컨 Q9000 클래식 에메랄드 스탠드,1719000,가전·디지털
759,대상 롱앤키 600mgX40정X9개/3세트,277000,식품·건강
1039,"[모아 더 그린밤(MOA the green balm)] [모아 더 그린밤] 일명 영국귀족 허브밤, 모아밤 3종 + 뱀부 타월 롯데 단독 패키지",62820,화장품·이미용
1015,아이오페 톤앤링클 아이크림 25ml,72000,화장품·이미용
524,옥수수 순식물성 원료로 만든!! 친환경 벽지 ★LG 하우시스 ZEA 벽지,0,식품·건강
1325,[참존] [단품] 참존 인텐시브 골드 앰플,79000,화장품·이미용
350,[에넥스텔레콤] [에넥스텔레콤/365요금제/36개월] 에넥스텔레콤 LG L70 + 삼성전자 101cm(40) HD LED TV 패키지,1359600,가전·디지털
1358,최초! 최다구성! 전 고객 본품 5개 용량!★로얄골드파운데이션★,79900,화장품·이미용
1231,에코그릴 자이글심플세트+MYG 밀양도자기 데이플라워 28p,150890,화장품·이미용
1164,[아이오페(IOPE)] [단품] 아이오페 에어쿠션 XP 쉬머 (본품 15g + 리필 15g),40000,화장품·이미용
958,100% 유기농 아로니아원액 750mlX3병,116020,식품·건강
562,유한양행 알로에겔 500gX12병,139000,식품·건강
256,BSW 광파오븐,109000,가전·디지털
1341,리프팅레시피 앰플 파운데이션!!CJ오쇼핑 단독구성 초고가 리프팅 앰플 파운데이션+광채리프팅아이크림+볼륨립타투,88000,화장품·이미용
554,대서양 자연산 손질문어 10팩,48900,식품·건강
318,동양매직 전기레인지 렌탈서비스,0,가전·디지털
665,정관장 홍삼활력 PLUS 7박스/7개월,327000,식품·건강
624,추억의 직화 군호박고구마 7kg,39900,식품·건강
800,빅마마 깜짝 폭립 하와이안 BBQ 1팩,17000,식품·건강
418,LG 휘센 제습기 17리터 [LD-179DRC  노블브라운 _제습능력 17L],559000,가전·디지털
934,[특별구성]노르웨이 고등어 20팩+국내산 손질삼치 10팩+손질갈치 5팩,48900,식품·건강
1107,데메테르 퍼퓸바디세트,67320,화장품·이미용
165,2세대 휴롬원액기세트,358000,가전·디지털
1041,써니체크 미네랄 프레스드 썬파우더 패키지,69000,화장품·이미용
746,카페베네 베네핏다이어트UP 10박스+카페베네 전용 마자랭 텀블러,129000,식품·건강
1103,아이오페 NEW 스템셀 [(스킨150ml+로션130ml+중용량...],0,화장품·이미용
1034,[단품] 썬킬미네랄 교체형 퍼프,4000,화장품·이미용
1409,[에스프레소(ESPRESSO)] [단품] 에스프레소 헤어 컬러 에센스(카푸치노:밝은갈색),44820,화장품·이미용
267,모뉴엘 로봇청소기+극세사걸레 3장 (공짜 3명 찬스),419000,가전·디지털
762,[방송중10%세일]정관장 홍삼대보 프리미엄 5박스+3박스더 총8박스 240포,257200,식품·건강
300,위닉스 뽀송 제습기 16L (DHD-169GSS),499000,가전·디지털
1031,[단품] 썬킬미네랄 교체형 퍼프,4000,화장품·이미용
1468,[단품] 썬킬 미네랄 대용량+휴대용 1세트,59000,화장품·이미용
931,[하림] 베스트치킨세트 11봉 총3.1kg (용가리치킨300gX4봉/치킨너겟300gX4봉/한입치즈스틱230gX1봉/치킨스틱200gX1봉/팝콘치킨200gX1봉),26950,식품·건강
86,아이나비 블랙박스 Mach View 16G,270000,가전·디지털
1359,닥터코스 최대용량 패키지2,78000,화장품·이미용
736,국내산 햇 손질꽃게 11팩,58310,식품·건강
1037,[터치바이이경민(TOUCH by LEE KYUNG MIN)] [단품] TOUCH by 이경민 : 크림 인 파운데이션 리필,28000,화장품·이미용
265,대한민국 최저가! GS단독 혜택 대공개(여)푸마 14년 All New 폴로 티셔츠 3종,129000,가전·디지털
1149,부스팅세럼40ml,0,화장품·이미용
1131,참존 디에이지 패키지(총14종),98000,화장품·이미용
1156,AHC 프리미엄 리얼아이크림세트,77220,화장품·이미용
219,★GS 특별사은품★ 씨밀렉스 보관용기세트 증정![자이글심플] 장보리 불판 / 이국주 불판 / 김혜수 불판 / 전기그릴 / 구이팬 / 적외선 로스터 / 룸메이트 불판,150000,가전·디지털
1033,[단품] 썬킬미네랄 교체형 퍼프,4000,화장품·이미용
722,진사골 곰국 16팩+도가니 수육 150gx6팩,48900,식품·건강
990,에브리데이 넛츠 20g 25봉 [20g 25봉],25900,식품·건강
666,정관장 홍삼활력 PLUS 7박스/7개월,327000,식품·건강
1471,[아이오페(IOPE)] [단품] 아이오페 톤앤링클 케어 아이크림 25ml,71000,화장품·이미용
802,LG생명과학 프로바이오밸런스,103000,식품·건강
659,해남 호박고구마 총8kg+직화구이 냄비,33210,식품·건강
1172,수려한 커버쿠션 본품 리필,18000,화장품·이미용
1070,리제떼 매직 화이트닝 크림 세트,68210,화장품·이미용
1016,[단품] 맥스클리닉 로즈에센스 브라이트닝 마스크 4매세트,28000,화장품·이미용
42,"[쿠첸(CUCHEN)] 쿠첸 하이브리드 전기렌지 렌탈 2구, 3구",0,가전·디지털
779,백수오 궁 [1개월],150000,식품·건강
518,[건강사랑] 미인을 위한 빨강석류 [21포 x 4박스 /총 84포],125130,식품·건강
586,LG생명과학 프로바이오밸런스,103000,식품·건강
616,귀리 9팩,36000,식품·건강
766,[3월 25일 11시30분 론칭]눈으로 확인하는 잇인팻아웃 카키 다이어트!!4주분,198000,식품·건강
372,노비타 비데 슈퍼슬림+이온정수필터 2개,180490,가전·디지털
1372,[아이오페(IOPE)] [아이오페] 에어쿠션 XP,40000,화장품·이미용
698,[런칭상품]세제혁명 베이킹파우더 플러스 본품 700gX8통+분무기+사은품,74110,식품·건강
583,[별미]초당 순두부죽 15팩+5팩 (총 4종),48900,식품·건강
363,"LG 휘센 제습기 15리터 [LD-159DPP(Y) 핑크,그린라임 _제습능력15L]",489000,가전·디지털
1191,참존 디에이지 레드 에디션,75000,화장품·이미용
1298,[펜디] 페퀸 지퍼 장지갑 (FENDI ZIP WALLET 8M0299 Q0Z),585000,화장품·이미용
21,[리큅] 리큅 식품 건조기 [LD-918B] + 하이트레이 2단 추가 증정,118000,가전·디지털
1417,신데렐라 스토리 워터프루프 매직 화이버 마스카라 2종,61570,화장품·이미용
294,2세대 휴롬원액기 HH-SBF11 [사은품 : BSW 식품건조기],398000,가전·디지털
1411,"이태리 명품 헤어브랜드 밀크쉐이크 컬크림(GS가 42,000원) 증정![MORGAN] 기네스 쇼퍼백 (MADE IN ITALY)+밀크쉐이크 컬크림",249000,화장품·이미용
985,빅마마 깜짝 폭립 [(하와이안 BBQ 5팩 + 핫 BBQ...],69900,식품·건강
1201,엘렌실라 달팽이크림세트,77220,화장품·이미용
516,하서농협 햇오디 4kg / 본구성:◆ 하서농협 오디 1kg X 3?/ 특별구성:◆ 하서농협 오디 1kg X 1,39900,식품·건강
323,[LG TV] LG 시네마 3D 스마트 TV 151cm[60],2899000,가전·디지털
1402,[SEP]셉 씨씨(CC)크림SPF50+PA++,40000,화장품·이미용
677,[단하루특집]김무열의 굿잠베개,158200,식품·건강
1281,엘크릿 헤어 틴트 브러쉬 세트,68210,화장품·이미용
1413,[단품] 패리스힐튼 슈퍼젤_ 크리스탈 골드 8ML,25000,화장품·이미용
276,[해피시스템(HAPPY SYSTEM)] (풀세트)해피시스템 에어마사지기,276610,가전·디지털
1158,CC크림 바이 에스다이어리 튜브 [(단품)],35000,화장품·이미용
491,[필립스(PHILIPS)] 필립스 두날 면도기 PQ206 (건전지식),53100,가전·디지털
1314,고유에 스킨피니셔 100ml,75000,화장품·이미용
575,[28일 22시 입금완료건까지 설전배송]정관장 홍삼활력 총150포+정관장 홍삼원 총150포+파우치 커터기 1개+쇼핑백 5장,257000,식품·건강
1454,[아이오페(IOPE)] [아이오페] 스템셀 롯데단독 정품최다 특별패키지,70200,화장품·이미용
141,[삼성 TV] [60] 삼성 Full HD 3D LED 스마트 TV 152cm (UN60F6400AF),3299000,가전·디지털
266,오토비스 자동 물걸레 청소기(유선형)_KAC-5000,128000,가전·디지털
1183,파라팜 퍼퓸 에어 볼류머 체리블라썸 8g,36000,화장품·이미용
733,하림 허브훈제치킨 총14팩,38900,식품·건강
680,[가격할인]대상 롱앤키 600mgX40정X9개/3세트,227400,식품·건강
663,옥스포드야생블루베리 340G*4박스,49900,식품·건강
1349,셀더마 하이드로겔 시트 시즌 7 넥마스크 [(단품)],30000,화장품·이미용
682,정관장 홍삼활력 PLUS 7박스/7개월,321830,식품·건강
231,삼성 Full HD 3D LED 스마트 TV 101cm UN40H6400AF + 삼성 무선홈시어터 사운드바 HW-H4... [사은품 : 삼성 쎈 청소기 + 3D안...],1169000,가전·디지털
615,닥터S 유산균17 5병,154050,식품·건강
1153,파라팜 퍼퓸 에어 볼류머 리필 레몬 민트 브리즈 8g,24000,화장품·이미용
223,[코체] 코체 안마의자 렌탈,0,가전·디지털
740,배윤자의 착한 한우도가니탕 13팩+도가니수육 4팩,39900,식품·건강
251,다기능 영양식제조기 e-영양왕+사은품 3종,189090,가전·디지털
38,★쿠쿠 1등 샤이닝블랙 2014년형★[쿠쿠 6인용 샤이닝블랙]CRP-HSXB0630FB,378000,가전·디지털
664,레이먼킴 비프스테이크 15팩,0,식품·건강
1163,라벨르 초음파필링기+라벨르 어드밴스드 리페어 앰플 30mlX2개,74480,화장품·이미용
1010,[로얄 골드(royal gold)] [로얄골드] 레디언트 세럼,59000,화장품·이미용
134,[셀카신기+WIFI기능가능] 카시오 TR17,879000,가전·디지털
358,[삼성 TV] [스마트 40팩] 삼성 Full HD 3D LED 스마트 TV 101cm (UN40F6360AF) + 삼성 Full HD 3D LED 스마트 TV 80cm (UN32F6400AF),1679000,가전·디지털
712,GS홍삼제품중 매출1위 상품홍삼천국 방송최다 총8박스!!,340000,식품·건강
89,조이(Joie) 스테이지스2 카시트 (신생아∼25kg)[버건디] + 뉴나 리프 바운서(색상선택) [:에메랄드/핑크/베이지/민트 그린],587000,가전·디지털
693,박경호의 녹용활력 총120포,125770,식품·건강
1303,"[한율] [한율] 광채 쿠션 본품 15g x 2 + 리필 15g x 2 + 피니시 에센스 + 은결 수분 에센스 + 은결 수분 크림 + 천송이립틴트 2종 + 무료체험분, 롯데홈 특별 패키지",75000,화장품·이미용
465,2세대 휴롬원액기 HH-SBF11 [사은품 : 선풍기+칼라면기],398000,가전·디지털
775,정관장홍삼정옥고N(12+4병)무10 / 본구성:정관장 홍삼정옥고 [100g x / 특별구성:정관장 홍삼정옥고 [100g x,285540,식품·건강
1355,[참존] [단품] 탑뉴스 지이 골드크림,72000,화장품·이미용
48,LG 46cm 프레쉬나우 / 본구성:프레쉬나우리퀴드 320ml *  / 특별구성:특별구성: 프레쉬나우리퀴,57330,가전·디지털
903,남안동농협 햇고춧가루 2.5kg,68210,식품·건강
398,"[삼성 아티브북4 레드]삼성 ATIV북 4 [NT450R5E-K3CR] 39.6CM(15.6형) / 16:9 LED / 인텔 3세대 아이비브릿지 듀얼코어 CPU I3 PROCESSOR 3120M(2.50GHZ,3MBL3CACHE) / 8GB / 1TB / WINDOWS 8.1(64BIT) /블루투스 4.0",978000,가전·디지털
427,[초대박 사은품! 가이타이너 14인치 선풍기 + 제습제SET 증정!]2014 NEW[13리터] 위닉스 뽀송 제습기 DHD-139NSS(보관커버+집중건조킷포함! 에너지 소비효율 1등급/필터교체 NO/공기정화 단독 사용 가능! 5년무상 품질보증!),429000,가전·디지털
62,캐논 40MM(F2.8)단렌즈,245000,가전·디지털
370,유라이브 U5 (MLC 메모리형 16G)_차선이탈방지기능장착,328000,가전·디지털
917,노르웨이 고등어 20팩+국내산 손질삼치 10팩+북대서양 손질갈치 10팩,48900,식품·건강
1261,비타끄렘므 B12 특별 세트,74000,화장품·이미용
1416,(단품)A.H.C 캡쳐 브라이트닝 앰플(50ml),59000,화장품·이미용
1133,셀더마 하이드로겔 시트 시즌 7 넥마스크 [(단품)],30000,화장품·이미용
530,닥터 써큐원 4세트/8개월분,163800,식품·건강
777,김나운의 슈페리어 훈제연어슬라이스 총11팩+소스,58310,식품·건강
811,고창 호박고구마 말랭이 총23봉,38900,식품·건강
298,_ 리큅 6단 식품건조기 LD-918B/일반4단+하이2단/본사직영점,129000,가전·디지털
720,"허릿살 뱃살 고민 해결! 인체시험결과 허리둘레, 체중, 체지방량 감소 확인!올데이 다이어트 6주+6주",198000,식품·건강
329,2015년형 삼원온스파 양모 온수매트 싱글사이즈 [40%세일/양모커버 증정!],185800,가전·디지털
522,기운찬 민물장어구이 9미,78900,식품·건강
366,[공기정화+악취제거를 한번에! 필터교환 NO! 물세척만으로도 반영구적 사용!] [신개념공기정화기]방송중에만! NEW에어비타3개+카비타2개,199000,가전·디지털
1461,오제끄 실크 풋필링,35000,화장품·이미용
805,"앤디앤뎁의 김석원, 윤원정 디자이너의 [D ONTHE LABEL] 크루즈 쉬폰 원피스",99000,식품·건강
814,경북 사과 4kg + 나주 배 4kg + 제주 한라봉 3kg,59900,식품·건강
1475,참존 디에이지 레드 에디션 스킨 토너 110ml,20000,화장품·이미용
879,한줌의 보너츠 본품 100봉,0,식품·건강
506,[단하루특집]롯데 헬스원 다이어트 마테 12주분,141900,식품·건강
280,[스타키] [스타키 보청기] 스타키 보스 보청기(한쪽형),1870000,가전·디지털
1474,AHC 프리미엄 리얼아이크림 포페이스 세트,79000,화장품·이미용
66,쿠쿠 타철명장 풀스텐 IH전기압력밥솥 CRP-HUXF102SR/SB,328000,가전·디지털
643,[1촌1명품] 강대인 생명의쌀 유기농 오색미 (3.5KG),29900,식품·건강
1424,[단품] RE:NK 빛크림 SUMMER EDITION 50ML,79000,화장품·이미용
590,"[미국 메가히트 잔티젠 다이어트]최저가 파격 ""2만원 할인!!!""감소수치를 제시하는 천연원료(스페인산) /미국FOX TV/유투브 화제/하루한알24시간/4주+4주 더 (8주분)",129000,식품·건강
1248,AHC 프리미엄 리얼아이크림 포페이스 세트,79000,화장품·이미용
163,[삼성전자] 삼성 Clean 파워 청소기[VC442LLDCRGN/CUBN],199000,가전·디지털
0,[쿠쿠] 쿠쿠 풀스텐 IH 샤이닝블랙 6인용 (CRP-HSXB0630FB),363000,가전·디지털
1114,[단품] 맥스클리닉 로즈비타민 오일 스파클렌저,50000,화장품·이미용
1262,셀더마 하이드로겔 시트 시즌 7 아이패치 [(단품)],30000,화장품·이미용
415,파크론 온수매트 거실형+사은품,379130,가전·디지털
43,쿠첸 명품철정 IH압력밥솥 6인용 WHA-VE0630iD[명품철정/스마트보온센서/음성안내/자동세척],249000,가전·디지털
125,동양매직 전기레인지 렌탈서비스,0,가전·디지털
1217,아이오페 NEW 스템셀 [(스킨150ml+로션130ml+중용량...],78000,화장품·이미용
328,아이나비 블랙박스 Mach View 32G,298300,가전·디지털
898,[GS SHOP]PB브랜드에서 제안하는 디엣 프리미엄 쿨론 티셔츠4종[GS SHOP]PB브랜드에서 제안하는 디엣 프리미엄 쿨론 티셔츠4종,59900,식품·건강
452,로즈버드 비비안  스페셜 스킨 볼륨 노와이어 2차,169900,가전·디지털
1215,볼륨의 신 혁명~! 최저가 구매찬스!원장님 볼륨고데기! JMW 롤리에스 볼륨고데기,58900,화장품·이미용
348,아텍스 에어팩(foot) 발마사지기 HXL173 / 1+1 구성,278000,가전·디지털
1348,[단하루특집]AHC 프리미엄 리얼아이크림세트,77220,화장품·이미용
509,e 백수오궁 3개월분,169000,식품·건강
15,[삼성 TV] [보상판매] 삼성 Full HD 3D LED 스마트 TV 101cm (UN40H6400AF) + 삼성 사운드바 홈시어터(HW-F450),1220500,가전·디지털
1050,[수려한] [단품] 수려한 채아율 크림,97000,화장품·이미용
314,[선풍기+제습제증정]2014[13리터] 위닉스 뽀송 제습기 DHD-139NSS(보관커버+집중건조킷포함),359000,가전·디지털
1406,ROSEBUD BY VIVIEN 프리모션 (방송중에만1세트더!+ 최초! 5만원세일),118900,화장품·이미용
211,"[2014년형 최신상품, 유럽판매 1위]로벤타 에어포스 무선 청소기 RH8462(퍼플)",189000,가전·디지털
819,안국 고함량 루테인 10박스/10개월분,143320,식품·건강
1447,[단하루특가]엘렌실라 달팽이크림세트,77220,화장품·이미용
139,[삼성전자] (15kg) 삼성 전자동 세탁기 15kg [WA15E6K4QSW],549000,가전·디지털
534,돼지감자환 3박스/3개월,125440,식품·건강
484,[2/9 무한도전36] 삼성 3D 스마트 LED TV (36개월 할부),0,가전·디지털
936,용대리 황태세트,38900,식품·건강
525,2013 NEW 하루한줌 견과세트,0,식품·건강
1326,미키모토 문펄 크림,210000,화장품·이미용
1176,리리코스 마린 링클 톡신 앰플,0,화장품·이미용
1135,구르뽕 1+1 스페셜 패키지,59900,화장품·이미용
17,e-영양왕,198000,가전·디지털
1218,"[아이오페(IOPE)] [아이오페] 에어쿠션 XP 오리지널 (본품 15g x 2개, 리필 15g x 2개, 4g x  1개) + 퍼프 총 5개 + 기초 5종 + 무료체험분까지! 대박 구성 패키지",79000,화장품·이미용
1350,NEW 안티링클크림 50ml,95000,화장품·이미용
510,박경호의 녹용활력 총120포,125770,식품·건강
295,벨기에LATEXCO라텍스(퀸7cm+라텍스대형베개2개+순면매트용 양모 커버&순면베개커버2장+ 싱글매트 + 라텍스 바디필로우 + 라텍스사각베개개 2개),387000,가전·디지털
673,[팝 스프(POP SOUP)] [시즌2] 팝스프 세트 1+1세트 (110봉) + 팝스프 컵 2개,38900,식품·건강
477,2만원 파격세일! 쿠쿠 뉴 타철명장 IH 6인용 ,257000,가전·디지털
67,(퀸세트) 일월 프리미엄 투웨이 온수매트 ,388000,가전·디지털
206,[4/5 무한도전36] 삼성 3D LED TV + 삼성 진공 청소기(36개월 할부),0,가전·디지털
608,마카다미아 넛츠 20g * 20봉,25900,식품·건강
893,고창 호박고구마 말랭이 총23봉,38900,식품·건강
39,이조건최초! 대박사은품 황토족욕기 증정! 락앤락 휴플러스 안마기 HPM-100 ! 손주무름 방식으로 부드럽고 시원하게!,99000,가전·디지털
486,[쿠쿠 6인용 밥솥]CRP-HPXF067SR,268000,가전·디지털
490,[무설탕/무방부제/무합성첨가물/무인공색소]소다스트림 천연 프리 시럽 500ML 프레쉬레모네이드,18000,가전·디지털
152,다본다 블랙박스 뉴클래식 8G,259000,가전·디지털
33,(싱글+싱글세트) 일월 프리미엄 투웨이 온수매트 ,348000,가전·디지털
835,국내산 손질꽃게 2.1kg+양념게장 2kg,58310,식품·건강
798,김연도의 웰빙혼합곡 16봉,58310,식품·건강
678,정관장 홍삼활력 PLUS 7박스/7개월,321830,식품·건강
1282,[로얄 골드(royal gold)] [로얄골드] 레디언트 파운데이션(리필),40000,화장품·이미용
799,아벡솔 지.아이 3박스,188130,식품·건강
131,"★필립스 전자동 다지기 증정![PHILIPS] 디지털 에어프라이어 HD9230/28 ,블랙색상, 2014년형 신모델,더블레이어",369000,가전·디지털
53,[TV런칭상품] 신일 제습기 16리터 SDH-2600PS,418000,가전·디지털
1257,참존 디에이지 레드 에디션 에멀젼,25000,화장품·이미용
617,귀리 9팩,36000,식품·건강
908,비타민하우스 웰플러스 멀티비타민 6병/12개월,38000,식품·건강
229,삼성 Full HD 3D LED 스마트 TV 101cm UN40H6400AF [사은품 : 삼성 무선 진공청소기 + ...],946400,가전·디지털
435,LG전자 렌탈 정수기 (직수형) WAD31UG(R)3R.BKOR(그레이/레드),0,가전·디지털
710,일동 여주환 100 180포/540g+건여주 200g+혈당계,183300,식품·건강
946,[에드워드권 스테이크(EDWARDKWON STEAK)] 에드워드권 하와이안 비프스테이크 15팩,58900,식품·건강
694,[단하루특집]안국 고함량 루테인 12박스/12월분,137000,식품·건강
332,"[삼성 아티브북4 레드]삼성 ATIV북 4 [NT450R5E-K3CR] 39.6CM(15.6형) / 16:9 LED / 인텔 3세대 아이비브릿지 듀얼코어 CPU I3 PROCESSOR 3120M(2.50GHZ,3MBL3CACHE) / 8GB / 1TB / WINDOWS 8.1(64BIT) /블루투스 4.0",978000,가전·디지털
1134,지그재그 무빙 마스카라,0,화장품·이미용
5,설치고객 사은품 (네오플램 IH전용 3종 SET) 증정!쿠첸 렌탈 하이브리드 3구 렌지 (인덕션 2구 + 하이라이트 1구),0,가전·디지털
791,완도中활전복 28미/총1.43kg,68210,식품·건강
30,[휴롬] 2세대 휴롬 원액기 (HH-SBF11),358000,가전·디지털
244,삼성 스마트 Full-HD 3D LED TV 116cm UN46F6360AF [사은품 : 삼성 무선홈시어터 에어트랙...],1699000,가전·디지털
16,삼성 전자동세탁기 14kg WA14E6K4QRW [사은품 : 6단형건조대 + 액체세제 ...],479000,가전·디지털
728,경북 사과 4kg,30900,식품·건강
1458,★사상최초! 최저가 찬스! 골드앰플 추가! 최다구성 찬스!★,79000,화장품·이미용
147,쿠쿠 IH압력밥솥 10인용(Xwall)+사은품,392000,가전·디지털
1004,[쌍빠(SAMPAR)] [단품] 쌍빠 임파써블 C-rum,95000,화장품·이미용
793,경북 세척 사과 3.5kg x 1박스,30900,식품·건강
1265,로페 볼륨매직 뽕고데기 [[현대홈쇼핑 단독]],59900,화장품·이미용
967,[단하루특집]남안동 농협 메주 5.5Kg+고추 2개+숯,106380,식품·건강
1023,"[아이오페(IOPE)] [아이오페] 에어쿠션 XP 오리지널 (본품 15g x 2개, 리필 15g x 2개) + 퍼프 총 4개 + 럭셔리 기초 정품 3종 + 무료체험분까지! 대박 구성 패키지",79000,화장품·이미용
729,신의한수 마카의 비밀 총60환,278000,식품·건강
246,[위닉스(WINIX)] [DHD-139OSS] 위닉스 제습기 13L형,359000,가전·디지털
1270,썸을 부르는 향기~♥ 마치 내 살 냄새 였던 것 처럼....바디 판타지!!!,79900,화장품·이미용
459,[화이트 망원 더블패키지] 캐논 EOS 100D + STM 40MMSTM렌즈 + 55-250MM망원렌즈 + 총11종사은품,1218000,가전·디지털
1324,차홍 헤드 스파 클렌징 패키지 1,78900,화장품·이미용
208,유라이브 블랙박스 16G,303050,가전·디지털
688,매일건강 에브리데이 넛츠 아침에 활력 25봉,32900,식품·건강
806,건강담아 꾸지뽕 열매 총3kg+꾸지뽕 잎 100g,58310,식품·건강
321,아이나비 블랙박스 Mach View 16G,269800,가전·디지털
189,[하우젠] (스탠드15) 삼성 스마트 에어컨 Q9000 김연아 스페셜 엣지 스탠드형 48.8㎡,1343050,가전·디지털
504,손질새우 200미+동태포 200gX2팩,48900,식품·건강
1280,구르뽕 1+1 스페셜패키지,59900,화장품·이미용
175,다본다 블랙박스 뉴클래식 8GB+무료설치쿠폰+외장 GPS 모듈,239000,가전·디지털
1323,[런칭상품]한율 고결유 크림세트,77220,화장품·이미용
1271,한율 가음 미백 기초 화장품 세트,97020,화장품·이미용
986,생강과 흑마늘 총100포,93060,식품·건강
1465,AHC 프리미엄 리얼아이크림 포페이스 30ml,47000,화장품·이미용
390,KT금호렌터카 [(15인승미만 국내전차종)],0,가전·디지털
895,[가격할인]정관장 홍삼활력 8박스/총240포,257200,식품·건강
1375,최강혜택! 방송중할인★[6만원]★[겟잇뷰티]바비리스 미라컬 방향키가 있는 프로버전,138000,화장품·이미용
700,(m) 면역&글루칸 4개월분 (쇼핑백 4장 증정),208000,식품·건강
498,e영양왕,199000,가전·디지털
469,[8/10 무한도전36 1부] 삼성 LED 스마트 TV(36개월 할부) + 삼성 선풍기,0,가전·디지털
421,[CJ단독 역대최저가! GGS냄비+리빙아트홈세트10P+리빙아트인덱스도마4종][레드-10인용] 쿠쿠 풀스텐 샤이닝블랙 CRP-HNXB107FR,383000,가전·디지털
932,[특별구성]닥터 써큐원 9개월분,158000,식품·건강
1499,로페 볼륨매직 뽕고데기 [[현대홈쇼핑 단독]],59900,화장품·이미용
420,[CJ단독 역대최저가! GGS냄비+리빙아트홈세트10P+리빙아트인덱스도마4종][블랙-10인용] 쿠쿠 풀스텐 샤이닝블랙 CRP-HNXB107FB,383000,가전·디지털
221,삼성 인버터 제습기 13L AY13H7000WQD [사은품 : 14인치 선풍기],529000,가전·디지털
955,애플트리 악마다이어트 발포가르시니아 4박스/8주분,58310,식품·건강
560,[e세노비스] 트리플러스 스패셜 8개월+4개월+쇼핑백 3장,188000,식품·건강
763,한성젓갈셋트,38900,식품·건강
1058,더마퓨어클리닉 울트라V리프팅 인텐시브크림 100ML,60000,화장품·이미용
250,L: 삼성 스마트 Full-HD 3D LED TV 101cm UN40F6360AF [사은품 : 삼성 무선홈시어터 에어트랙...],1349000,가전·디지털
875,맛젤 해남 호박고구마 총8kg+토마토냄비,37710,식품·건강
547,[독도사랑(DOKDOSARANG)] 독도사랑 국내산 반건오징어(15미_진공팩 포장배송),29900,식품·건강
1245,A.H.C 프리미엄 리얼 아이크림 포 페이스(캐비어 5종),78000,화장품·이미용
1056,구르뽕,49900,화장품·이미용
1313,미키모토 문펄 바이탈라이징 크림 30g,210000,화장품·이미용
824,이롬 황성주 생식 플러스 12주분,196910,식품·건강
1085,[아이오페(IOPE)] [단품] 아이오페 스킨 피니쉬 베이스,77000,화장품·이미용
1382,닥터코스 최대용량 패키지_1,78000,화장품·이미용
877,자연이 준 잣 100gX6팩+브레인유 750ml,48900,식품·건강
274,L: 삼성 전자동세탁기 14kg WA14E6K4QRW [사은품 : 삼성진공청소기 + 6단형건...],579000,가전·디지털
1238,수려한 녹용콜라겐세트,149930,화장품·이미용
1207,천연 미네랄 100% 미네랄 썬킬 트리플 패키지 최다 정품(수딩젤+상품평),68000,화장품·이미용
672,정관장 홍삼활력 PLUS 7박스/7개월,327000,식품·건강
170,[렌탈]쿠쿠 나노 포지티브 정수기(CP-G501HW/SW),0,가전·디지털
807,쿠쿠 분리형 커버 10인+사은품 3종,191070,식품·건강
645,퀸즈와일드 블루베리 340gX9팩,53370,식품·건강
1264,써니체크 [미네랄 프레스드 썬파우더 리필],30000,화장품·이미용
750,이정섭 전통등갈비찜 9팩,68210,식품·건강
928,[특별구성]국내산 햇 손질꽃게 12팩,58310,식품·건강
1278,프랑스 럭셔리 향수 4종세트 (엘릭시르센슈얼85ml+샌더링 60ml+프레스티지허니100ml+레뤼 30ml),78110,화장품·이미용
1284,아이오페 에어쿠션XP,80000,화장품·이미용
519,[여행]꿈의 여행 발리 5일 [성인],0,식품·건강
1255,[조성아 22 (CHOSUNGAH TWENTYTWO)] [단품] 조성아22 바운스업팩트 마스터 리필,32000,화장품·이미용
634,정관장 홍삼활력 PLUS 7박스/7개월,327000,식품·건강
23,[보솜이] [밴드형]보솜이 천연코튼 소형 4팩 + 선택: 소형4팩/중형4팩,84410,가전·디지털
99,[바디프랜드 최대 온라인브랜드 매장][다른곳에서 볼 수 없는 최고의 조건]바디프랜드 렌탈 안마의자 무료 상담예약,0,가전·디지털
949,장항선 삼흑 돼지구이(11팩) / 본구성:삼흑 돼지구이 400g * 8팩 / 특별구성:삼흑 돼지구이 400g * 2팩,39900,식품·건강
1391,(단품)A.H.C 프리미엄 리얼 아이크림 포 페이스 ,47000,화장품·이미용
264,삼성 Full HD 3D LED 스마트 TV 101cm UN40F6360AF [추가구성 : 삼성 무선홈시어터 사운드...],1329000,가전·디지털
351,[실버]최신상2세대휴롬원액기+키친아트대용량제빵기,358000,가전·디지털
155,"★NS단독 영화예매권 증정!★ [홈쇼핑방송상품] e-영양왕 [죽,이유식,두유,스프,과즙]제조기/믹서기/이유식기/기계/조리기/마스터기/마스터/만들기/만드는법/미니/핸드/블랜더/블렌더/쥬서기",165000,가전·디지털
1043,무드매쳐 커버매직 파운데이션세트,68210,화장품·이미용
14,名山 황산을 가다! 황산+상해 5일 3/22~4/25 인천출발,399000,가전·디지털
26,"어린이날, 어버이날,스승의날 선물로 최고임을 추천합니다!박시백 조선왕조실록 완간 풀세트(1권~20권, 조선왕조실록사전,조선왕조실록가계도)_완간세트용박스포장",129000,가전·디지털
907,미인을 위한 석류즙 6박스/126팩,164490,식품·건강
918,[대상 웰라이프] 다이어트 303!! 30일분(2병) + 30일분(2병) / 총 60일(4병) 구성!!,198000,식품·건강
404,[바디프랜드 최대 온라인브랜드 매장][다른곳에서 볼 수 없는 최고의 조건]바디프랜드 렌탈 안마의자 무료 상담예약,0,가전·디지털
261,L: 삼성 스마트 Full-HD 3D LED TV 116cm UN46F6360AF [사은품 : 삼성 무선홈시어터 사운드바...],1699000,가전·디지털
935,동원 개성왕만두 총21봉,39900,식품·건강
1450,지그재그 무빙 마스카라액 [(단품)],30000,화장품·이미용
508,완도中활전복 26미/총1.3kg,68210,식품·건강
400,[퀸+퀸] 벨기에 라텍스코 라텍스 완벽 1+1 구성 ☆ 사은품 바디필로우 + 라텍스 베개 2EA + 전용 커버 풀세트,497000,가전·디지털
1099,(e)보닌 남성화장품 특별 패키지(02),57000,화장품·이미용
24,[최고급형] 스타키 보청기 BOS(BEST OF SPECIAL),1870000,가전·디지털
553,[정관장] 정관장 홍삼정 마일드 1병 (100g*1병),58000,식품·건강
1152,헐리우드 스타들이 사랑하는 더밤~ 초특가 방송!!더밤 베스트셀러 패키지,69000,화장품·이미용
945,애플트리 악마다이어트 발포가르시니아 4박스/8주분,58310,식품·건강
996,삼육 두유 총102개,39900,식품·건강
1181,[단품] 꿀필러팩트 리필10G,30000,화장품·이미용
505,전철우의 안창살구이 600gX9팩,68210,식품·건강
1146,"[커버력+지속력+스킨케어 업그레이드] 베리떼 멀티쿠션DX- 쿠션 5개 용량 + 전 홈쇼핑 사상 최초 조건, 화제의 베리떼 멜팅루즈 2종 찬스",79000,화장품·이미용
1328,실크테라피 실크휠러(160ml) [(실크테라피  실크필러 160ml 1종)],37000,화장품·이미용
138,삼성 인버터 제습기 13L AY13H7000WQD [사은품 : 6단 건조대 + 옷걸이형 ...],529000,가전·디지털
1098,IOPE NEW 인텐스 핑크 더블세트,130000,화장품·이미용
1329,[피부 표현의 대가 손앤박] 슈퍼피팅 파운데이션,79000,화장품·이미용
205,LG 휘센 제습기 칼라하리 15리터,499000,가전·디지털
878,매일매일 건강한 견과 습관! 총 100봉[오트리] 하루의 열매 베리너츠 30봉 30봉 30봉 특별추가 10봉 더!! 총 100봉!!!,58900,식품·건강
1109,[아이오페(IOPE)] [아이오페] 에어쿠션 XP 오리지널 스페셜 패키지,79000,화장품·이미용
1220,한율 은결 수분크림 50ml,70000,화장품·이미용
1224,파라팜 퍼퓸 에어 볼류머 리필 피치소르벳 8g,24000,화장품·이미용
756,검은콩고칼슘두유 [24팩],18000,식품·건강
715,하이포크 전통 고기순대 300gX10팩+맛의 레전드 슬라이스 족발 150gX5팩,38900,식품·건강
621,렌틸콩 9팩,45000,식품·건강
499,"[월 할부금 42,417 X 24개월] 삼성 올인원PC 21.5인치 [2014년 1월 출시] 21.5"" 풀HD LED / AMD 쿼드코어 / 4GB / 500GB 하드디스크/ WINDOWS8.1 탑재 / 무선키보드&마우스",1048000,가전·디지털
207,"멋스러운 프리마클라쎄 파격혜택![프리마클라쎄] 도나벤츄라 셔츠 (Brown: V132SH014/P221 1514 G070, Khaki: V132SH013/P221 1514 G033, White:V132SH012/P221 1514 G001)",298000,가전·디지털
130,[일월(ILWOUL)] (싱글)2015년형 일월 뉴항균 안심 온수매트,177800,가전·디지털
224,사상최저가+무이자 20개월! [사은품 14인치 선풍기+반복제습제 15개!]2014 NEW[16리터] 위닉스 뽀송 제습기 DHD-169NSS(보관커버+집중건조킷포함! 에너지 소비효율 1등급/필터교체 NO/공기정화 단독 사용 가능! 5년무상 품질보증! ),399000,가전·디지털
983,사조대림 명절 전세트,39900,식품·건강
725,[자연을 가득 담은] 자연을 가득 담은 한라봉 2kg + 2kg +2kg,36900,식품·건강
912,블루다이아몬드 오손도손 건강한 견과 20gX120봉,58310,식품·건강
342,한경희 광파오븐 홈쉐프 (HO-2000),149000,가전·디지털
940,[런칭상품]남안동 농협 메주 5.5Kg,106380,식품·건강
1330,[단품] 아이오페 톤앤링클 아이크림 25ML (미백/주름개선 2중 기능성),72000,화장품·이미용
577,[28일 22시 입금완료건까지 설전배송]정관장 홍삼활력 총150포+정관장 홍삼원 총150포+파우치 커터기 1개+쇼핑백 5장,257000,식품·건강
142,유라이브 U5 (MLC 메모리형 16G)_차선이탈방지기능장착,328000,가전·디지털
340,"화질은 역시 LG 말이 필요없는 스마트TV[55]LG 시네마 3D 스마트 LED TV(138cm)_55LA6250S,W [스탠드형,벽걸이형]",2319000,가전·디지털
1055,댕기머리 진기현 샴푸 풀세트(보온병),118000,화장품·이미용
151,스팀큐 더블액션 터보스팀다리미,59800,가전·디지털
743,제주 타미나 고급어묵바 총40개+제주종합어묵 2봉,53370,식품·건강
734,이경제 황제 침향원 60환,378000,식품·건강
305,코비마운틴 AirTex 자충에어매트 (2세트),88000,가전·디지털
1321,[로얄 골드(royal gold)] [로얄골드] 레디언트 파운데이션(리필),40000,화장품·이미용
61,위닉스 뽀송 제습기 16L (DHD-169GSS),399000,가전·디지털
478,[런칭상품]스마트카라 음식물처리기 (CS-10),282000,가전·디지털
1160,"리더스 링클 3,300억 돌파 특집 기념 패키지9_7",147000,화장품·이미용
1040,[오뜨 스킨(HAUTE SKIN)] [오뜨스킨] 아마존 화이트 모공 클레이팩 썸머 특별 패키지,68900,화장품·이미용
1445,[수려한] [단품] 수려한 채아율 크림,97000,화장품·이미용
513,[마띠에르] [팬티5종]마띠에르 업그레이드 트윈크로스 팬티5종,45000,식품·건강
1032,[단품] 썬킬미네랄 교체형 퍼프,4000,화장품·이미용
214,2015년형 스팀보이 온수매트(퀸) [[2000×1500mm]],328000,가전·디지털
1352,메르비 초음파 이온마사지기세트+휘올라 마사지 업 젤 200mlX5개+럭스럭버 매쉬 장지갑,223470,화장품·이미용
1380,[이자녹스] [단품] 이자녹스 리액티브 프레스티지 컨센트레이팅 세럼(주름기능성),129000,화장품·이미용
460,삼원온수매트 싱글,135240,가전·디지털
431,2세대 휴롬원액기 HH-SBF11 [사은품 : 영양죽제조기],398000,가전·디지털
324,[LG TV] LG 시네마 3D 스마트 TV 119cm[47],1259000,가전·디지털
1038,[로얄 골드(royal gold)] [로얄골드] 레디언트 세럼,59000,화장품·이미용
1044,RE:NK 엑스트라 모이스트 더블 이팩트 세럼,68000,화장품·이미용
1203,고운세상 투명 썬미스트,58900,화장품·이미용
158,[위닉스(WINIX)] [DHD-139OSS] 위닉스 제습기 13L형,429000,가전·디지털
1059,천연모 일반롤 1개,10000,화장품·이미용
419,명품 월풀 3구 전기렌지,898000,가전·디지털
994,王家의 대를 이은 스타 한의  왕혜문의 녹용보감 3박스 + 2박스 더!! 총 5박스,139000,식품·건강
825,국내산 손질오징어 200gX20팩+매콤볶음소스 50gX5팩+키친아트 오로라 다이아몬드 후라이팬 3종,69900,식품·건강
574,[28일 22시 입금완료건까지 설전배송]아마조니아 아사이베리 50gX13팩+밀폐용기,181420,식품·건강
440,[삼성 TV] 삼성 에어트랙 홈시어터 [HW-F450],452970,가전·디지털
32,일월 프리미엄 투웨이 온수매트 싱글,288000,가전·디지털
1470,수려한 원액 백 45ml [(단품)],120000,화장품·이미용
49,위닉스 뽀송 제습기 16L+사은품,439000,가전·디지털
446,★쿠쿠 1등 샤이닝블랙 2014년형★[쿠쿠 10인용]CRP-HNXB107FR/FB,398000,가전·디지털
732,(직)매일건강 에브리데이 넛츠 110봉 + 맛땅콩 2봉 [(아침에 활력 55봉 + 오후에 휴식...],58110,식품·건강
1340,아름연 노블 리리 아이패치 1BOX(4개),80000,화장품·이미용
242,삼성 스마트 Full-HD 3D LED TV 152cm UN60F6400AF [사은품 : 삼성 무선홈시어터 에어트랙...],3429000,가전·디지털
483,대형_한스데코 순면카페트 / 본구성:하모니 패치 카페트(약150* / 특별구성:[사은품] 소파카페트(약60,58310,가전·디지털
1362,CC크림 바이 에스다이어리,69900,화장품·이미용
336,아이나비 블랙박스 Mach View 32G,303050,가전·디지털
405,"[KT] 파격★개통 전 고객 신세계 25만원 상품권 증정!★ [LTE 34요금제 + 추가 단말 부담금 없음][KT] 베가LTE M IM-A810K[신규가입,번호이동,기기변경][상품권25만원! 가입비 분납,유심비 후납,30개월 약정]",0,가전·디지털
987,닥터써큐원 6box (500mg x30정 x 6box) 6개월분,158000,식품·건강
356,[캐논(CANON)] 캐논 정품 최신 DSLR EOS 100D 화이트 패키지(단렌즈팩-40mm 화이트렌즈/화이트바디),777000,가전·디지털
260,L: 삼성 스마트 Full-HD 3D LED TV 101cm UN40F6360AF [사은품 : 삼성 무선홈시어터 사운드바...],1349000,가전·디지털
1008,[필앤커버 단품] 템테이션 링클케어 스킨 130ML,35000,화장품·이미용
36,(1+1 10만원 Sale)일월 투웨이 온수매트 싱글 세트,277000,가전·디지털
1423,지그재그 무빙 마스카라 기기 [(단품)],69000,화장품·이미용
849,핫 트렌드 해O주스! 6채 3과 왕혜문의 디톡주스!왕혜문 닥터 디톡주스 3+2박스,149000,식품·건강
1273,이튠 립앤치크 1종 [(단품)],28000,화장품·이미용
1483,[허니블룸 by 태양(HONEY BLOOM BY TAEYANG)] [단품] 허니블룸바이태양 리필용 파우치 (400ml x 2종),45000,화장품·이미용
1494,"[로얄 골드(royal gold)] [로얄골드] 레이언트 파운데이션 정품 2개 + 리필 2개 + 레이언트 세럼 + 레디언트 크림, 롯데 특별 패키지",78900,화장품·이미용
1479,[베리떼] [단품] 베리떼 퍼펙트 솔루션 크림 50ml (미백 / 주름개선 2중 기능성),74000,화장품·이미용
107,삼성 쎈 청소기 VC-PU500,109000,가전·디지털
195,[선풍기+제습제증정]2014 [16리터]위닉스 뽀송 제습기 DHD-169NSS(보관커버+집중건조킷포함),399000,가전·디지털
378,[김연아 스페셜 엣지]삼성 스마트 에어컨 Q9000 스탠드형 AF15HVZB2WK (48.8㎡) [사은품 : 에어써큘레이터 + 선풍기],1519000,가전·디지털
1484,[버버리(BURBERRY)] Burberry(버버리) 살리스버리 숄더백 (3882548/3882557/3882551),979840,화장품·이미용
730,[군고구마로 만든] 호박 군고구마 말랭이 100g*10개,28000,식품·건강
367,L: 삼성 ATIV Book 4 기본팩 NT450R5E_K1H [인텔 아이비브릿지 펜티엄 듀얼코어 2...],799000,가전·디지털
82,동양매직 나노미니 정수기 / 본구성:동양매직정수기 렌탈서비스 / 특별구성:[사은품] * 전용케틀(스테,0,가전·디지털
140,"[삼성 아티브북 4 고급팩: 블랙][사은품 삼성 컬러복합기 증정][NT450R5E-K1CB] /16:9LED/INTEL 3세대아이비브릿지 PENTIUM? DUAL CORE PROCESSOR 2117U(1.80 GHZ,2MB L3 CACHE)/15.6형/4GB/500GB/WINDOWS 8.1(64BIT) 탑재/블루투스4.0",799000,가전·디지털
696,[피앙세 (Fiancee )] 피앙세 다이어트 사이즈핏 5박스(10주) / (슬림라인:500mg*112정+뷰티라인:25g*14포)*5박스,139000,식품·건강
697,울진 반건조 참맛가자미 총36미,38900,식품·건강
393,단품_GPS 수신기,35000,가전·디지털
8,2014년형 오쿠 압력 중탕 수증기오븐 (블랙),357000,가전·디지털
476,쿠쿠 렌탈 정수기 고급형 (투코크) (모델명 : CP-FN601HW),0,가전·디지털
1003,댕기머리 진기현 샴푸(1세트),68000,화장품·이미용
1331,[단하루특집]엘렌실라 달팽이크림세트,77220,화장품·이미용
1222,참존토탈에너지 기초세트,97020,화장품·이미용
1256,[아이오페(IOPE)] [단품] NEW 아이오페 인텐스 핑크 소프너,37000,화장품·이미용
1045,[수려한] [단품] 수려한 채아율 크림,97000,화장품·이미용
1065,로페 430억 돌파 뽕고데기 최신판 원데이 특집,58900,화장품·이미용
471,아크비아 탄산 실린더 교환권,24000,가전·디지털
11,(1+1 10만원 Sale)일월 투웨이 온수매트 싱글 세트,277000,가전·디지털
962,삼육두유 발아현미 19곡 [ 총 64팩],45510,식품·건강
1237,[한율] [단품] 한율 고결 주름 앰플,81000,화장품·이미용
1493,A.H.C 프리미엄 리얼 아이크림 포 페이스(캡쳐앰플),78000,화장품·이미용
1291,CJ 단독 론칭 이자녹스 최고가 라인 셀레니엄 아이크림 세트,97000,화장품·이미용
1293,천연유래 미네랄 100%함유! 썬킬 미네랄 파우더 트리플 패키지,69000,화장품·이미용
1339,[피부 표현의 대가 손앤박] 슈퍼피팅 파운데이션,79000,화장품·이미용
12,[40% SALE] 삼원온스파  양모 온수매트  퀸,207800,가전·디지털
275,유씨웰 하이브리드 홍두깨 믹서기,39900,가전·디지털
1194,헤어에센스 180ml,35000,화장품·이미용
1168,[이자녹스] [단품] 이자녹스 메탈 쿠션 SPF 35 / PA++ (본품 15g + 리필 15g),42000,화장품·이미용
444,[가격할인]장수돌침대+사은품,1482000,가전·디지털
1122,"[조성아 22 (CHOSUNGAH TWENTYTWO)] [조성아22] 퍼밍 캡슐 파운데이션 4종 + 틴티드 앰플 + 헤나 립 3종 + 무료체험분, 롯데홈 특별 구성패키지",88000,화장품·이미용
1393,(단품)A.H.C 프리미엄 리얼 아이크림 포 페이스 ,47000,화장품·이미용
31,LG휘센 제습기 10L,359000,가전·디지털
315,[삼성 TV] [스마트 60팩] 삼성 Full HD 3D LED 스마트 TV 152cm (UN60F6400AF) + 삼성 Full HD 3D LED 스마트 TV 80cm (UN32F6400AF),3626970,가전·디지털
320,[단품] LG가스 3구쿡탑,278000,가전·디지털
1443,[로얄 골드(royal gold)] [로얄골드] 파운데이션세트 대박구성,78900,화장품·이미용
658,보나베띠 수제통살 찹스테이크 [1팩],12900,식품·건강
1440,구르뽕 헤어에센스 80ml,22000,화장품·이미용
1086,(m) 다소다 시즌2 SJ 마스카라(단품),36000,화장품·이미용
118,이승기 CF속 바로 그 정수기!! 쿠쿠 렌탈얼음정수기 (냉온수기: CP-H502HW 컴팩트형 / 냉수전용: CP-H401HW),0,가전·디지털
1137,[단품] 맥스클리닉 로즈비타민 오일 스파클렌저,50000,화장품·이미용
1254,AHC 프리미엄 리얼아이크림 포페이스 세트,76630,화장품·이미용
1125,맥스클리닉 로즈 비타민 반전 오일클렌저 스페셜 패키지,78900,화장품·이미용
610,"아사이베리와 바질씨드&치아씨드의 환상케미! 항산화 시크릿레시피박소현이 선택한 아사이슈퍼레시피 총 4세트[아사이베리/아로니아/블루베리]+[바질씨드,치아씨드]",159000,식품·건강
797,대상 클로렐라 플래티넘 총1680정+쇼핑백 1장,120500,식품·건강
785,안동 검은콩낫또 45gX56개,53370,식품·건강
1363,A.H.C 프리미엄 리얼 아이크림 포 페이스(진생크림 2종),78000,화장품·이미용
866,"농협 안심 벌꿀 500gX5병+휴대용 용기+라이카 빈세티노 보온,보냉병",53370,식품·건강
146,소니 A6000 (A6000Y-렌즈구성 SELP16-50+SEL55-210)+알파미니백+소니 8G SD(SF-8N4)+40.5필터1개+LCD필름+인화권,1228000,가전·디지털
654,씻어나온 발효현미 500gX20봉+귀리 100gX10봉,53360,식품·건강
872,그렉노먼 콜렉션 여름 남성 TRI-BLEND 바람막이 1종,85000,식품·건강
752,반건조 귀리 가자미 120gX25팩,39900,식품·건강
194,"GS 1등 정수기!! 쿠쿠 정수기~쿠쿠 정수기와 비데를 한번에!! 정수기+비데 패키지 설치시 月 5,000원 할인 혜택까지!!",0,가전·디지털
603,페이셜 코튼이 무려 8개!!S diary 워터클렌징 특집 세트,59900,식품·건강
582,[호주 NO1]블랙모어스 슈퍼트리플액션 1병,48500,식품·건강
1204,수려한 커버쿠션 본품,34000,화장품·이미용
187,[싱글렌즈패키지] 캐논 EOS 100D + STM 신18-55MM렌즈 + 총11종사은품,848000,가전·디지털
511,노르웨이 고등어 25팩+국내산 손질삼치 10팩,39900,식품·건강
741,이정섭의 소갈비찜+떡갈비세트,66900,식품·건강
1199,땡기미 살롱스타일러+더블업 올인원 볼륨에센스,48900,화장품·이미용
1300,피지오겔 크림 75ml,27000,화장품·이미용
402,[2014년 아카데미 페스티벌 특가] LG일체형PC(고급형) 22V240-L.AH10K 유선 키보드/마우스,699000,가전·디지털
815,손질새우 200미+국내산새우 50미,48900,식품·건강
1214,[아이오페(IOPE)] [아이오페] NEW 모이스처 인텐스 핑크 1+1 완벽더블 패키지,129000,화장품·이미용
1344,미키모토 에센스 마스크 파셜 트리트먼트,89000,화장품·이미용
462,[LG TV] [50팩] LG 시네마 3D 스마트 TV 126cm (50LA6230) + LG HD LED TV 72.3cm (29MN33D) + LG 풀HD LED TV 54.6cm (22MA53D),2150550,가전·디지털
1021,"[한정생산,한정판매!] RE:NK 고현정의 피부색의 비밀! 여왕의 시크릿 크림 시즌2 - 리미티드 K세럼 포함 특집 패키지",99000,화장품·이미용
95,[CJ단독 역대최저가! GGS냄비+리빙아트홈세트10P+리빙아트인덱스도마4종][블랙-6인용] 쿠쿠 풀스텐 샤이닝블랙 CRP-HSXB0630FB,363000,가전·디지털
1306,단 하루 리리코스 레티놀!!사상최초 아모레퍼시픽 기초 정품 최다 4개!아이오페 에어쿠션 네츄럴 본품2+리필2세트,80000,화장품·이미용
1379,[이자녹스] [단품] 이자녹스 리액티브 프레스티지 컨센트레이팅 세럼(주름기능성),129000,화장품·이미용
689,아마조니아 아사이베리 50gX13팩,178000,식품·건강
995,[28일 22시 입금완료건까지 설전배송]정관장 홍삼정 마일드 총10병+쇼핑백 3장,343000,식품·건강
1434,RE:NK 엑스트라 모이스트 더블 이팩트 아이크림,70000,화장품·이미용
1487,스타리쉬 볼륨업포인트 골드,104860,화장품·이미용
563,비오비천 [1병],45000,식품·건강
228,삼성 Full HD 3D LED 스마트 TV 101cm UN40H6400AF + 삼성 무선홈시어터 사운드바 HW-H4... [사은품 : 삼성 쎈 청소기 + 3D안...],1199000,가전·디지털
943,맛있는 귀리 [500g * 20봉 (총 10kg)],38710,식품·건강
1243,A.H.C 프리미엄 리얼 아이크림 포 페이스(선케어 3종),78000,화장품·이미용
132,[위닉스(WINIX)] [DHD-169OSST] 위닉스 제습기 16L형,469000,가전·디지털
1268,[게리종(GUERISSON)] [단품 GUERISSON] 게리송 마유 크림,53000,화장품·이미용
369,LG전자 직수형 냉 정수기 / 직수형 정수기,0,가전·디지털
1395,(단품)A.H.C 프리미엄 리얼 아이크림 포 페이스 ,47000,화장품·이미용
437,카닥 3way 멀티 와이드 그릴,149000,가전·디지털
117,[씨코] 씨코 3구 전기렌지 [CHC-007N],388000,가전·디지털
851,빨강 웰빙 햇 호두 171gX10봉,44910,식품·건강
1449,신데렐라 화이버 마스카라세트,67320,화장품·이미용
180,아이나비 블랙박스 Mach View 16G,279000,가전·디지털
1288,사이오스(syoss) 트리트먼트 200g,0,화장품·이미용
922,비오비천 [4병],120000,식품·건강
1302,[아미니]이너 뷰티 겔,69000,화장품·이미용
597,태현실 당신애 꽃게장세트,68210,식품·건강
285,[삼성 TV] [The New 50+29팩] 삼성 Full HD 3D LED 스마트 TV 125cm (UN50F6360AF) + 삼성 HD LED TV 72cm (UN29F4200AF),2065970,가전·디지털
1223,파라팜 퍼퓸 에어 볼류머 피치소르벳 8g,36000,화장품·이미용
25,[CJ단독! 일명 함서방 청소기~ 전고객 극세사패드 10장 증정!!]휴스톰 듀얼스핀 물걸레 청소기 HS-3000,149000,가전·디지털
1087,이금희 피부밥 토탈 퍼펙션 스페셜 패키지5,158000,화장품·이미용
1177,W WEILL 모달 풀 세트 5종 (카디건1+머플러1+디자인티셔츠3 : 전 구성 모달 70% 이상 함유),69000,화장품·이미용
373,삼성 스마트 Full-HD 3D LED TV 116cm UN46F6360AF [사은품 : 삼성 무선홈시어터 사운드바...],1699000,가전·디지털
310,2014 건조열풍! 프리미엄 리큅 NEW 식품건조기 + 사은품 믹싱볼 3종,118000,가전·디지털
1459,셀렉스C 아이 컨투어 젤 15ml,88000,화장품·이미용
993,삼육두유 발아현미 19곡 [ 총 16팩],15900,식품·건강
1068,"[허니블룸 by 태양(HONEY BLOOM BY TAEYANG)] [허니블룸바이태양] 볼륨 클렌징 트리트먼트 2,600ml + 큐티클 헤어 브러쉬 + 무료체험분 + 스페셜 에디션 100ml 최초추가! 역대 최대용량 초대박패키지",78800,화장품·이미용
44,e영양왕,199000,가전·디지털
379,쿠쿠 6인용[CRP- N067FR],187000,가전·디지털
556,뉴밸런스 검은콩 선식 130포,96040,식품·건강
1371,[바비리스프로] [바비리스프로] 미라컬 헤어기기! 2013 NEW 신개념 기적의 헤어 스타일러! ★겟잇뷰티 히트 아이템★,197000,화장품·이미용
1435,[조성아22][2호]퍼밍 캡슐 파운데이션 C&T블렌더 라운드3!,89000,화장품·이미용
703,[CJ독점 해독청혈주스!!]하루20G 베지톡스!!엉짱박지은교수의 다이어트 10일분 1박스,78000,식품·건강
764,(m)유산균 이야기 8병(16개월분) 방송1주년 기념 특별구성,197000,식품·건강
952,전철우 소갈비탕 500gX12팩+송아지 소갈비찜 800gX1팩,48900,식품·건강
531,자연애벗 발효 소고기육포 45봉,38900,식품·건강
768,[런칭상품]전주 전통비빔밥용 고추장세트,33800,식품·건강
1123,실크테라피 60ml [(실크테라피 60ml×1종)],21500,화장품·이미용
1225,참존 토탈에너지 기초세트,97020,화장품·이미용
1387,[상품평이벤트]보닌 골드 남성기초세트,56430,화장품·이미용
380,단품_루셀 선일금고 41L 귀금속 보관함,20000,가전·디지털
548,[독도사랑(DOKDOSARANG)] 독도사랑 국내산 반건오징어(15미_진공팩 포장배송),29900,식품·건강
236,(M)파격가 히라카와쿨젤매트2세트(더블+싱글2세트),133000,가전·디지털
70,(m)위닉스 뽀송 16리터 DHD-169GSS,479000,가전·디지털
487,2015년형 일월 듀얼하트 온수매트(퀸+퀸) [[2000×1500mm]],317000,가전·디지털
429,다본다 드림 블랙박스 32GB,349000,가전·디지털
889,올품 뼈없는 닭발세트+키친아트 오로라 다이아몬드 후라이팬 3종,67220,식품·건강
235,[렌탈]쿠쿠 나노 포지티브 정수기(CP-G501HW/SW),0,가전·디지털
1035,[단품] 썬킬미네랄 교체형 퍼프,4000,화장품·이미용
245,삼성 스마트 Full-HD 3D LED TV 116cm UN46F6360AF [추가구성 : 삼성 무선홈시어터 사운드...],1699000,가전·디지털
37,★쿠쿠 1등 샤이닝블랙 2014년 형★[쿠쿠 6인용 샤이닝블랙]CRP-HSXB0630FB,373000,가전·디지털
1410,★GS단독! 고가의 스킨타운 골드크림 전격 추가★참존 프리미엄 패키지 (발효라인 2세트 + 디에이지 1세트 + 보습크림3 + 미드나잇크림300% + 아이크림3 + 주름미백에센스6 + 골드크림 100% + 콘트롤크림1),99000,화장품·이미용
810,정관장 홍삼정옥고 100gX10병,242770,식품·건강
333,유씨웰 하이브리드 홍두깨 믹서기,39900,가전·디지털
110,파워 도깨비 방망이 V-8000-1,99000,가전·디지털
687,한삼인 진홍삼정 100gX10병+스푼,192070,식품·건강
951,이롬 황성주 생식 플러스 16주분+쉐이커,172730,식품·건강
816,정관장 홍이장군 1단계 총100포,229000,식품·건강
501,대상 다이어트303 총2개월분,173740,식품·건강
1427,탱글엔젤 헤어브러쉬 바이올렛+핑크 한정세트,39900,화장품·이미용
102,[구들장] (수퍼점보형)2014년형 구들장 하이브리드 카페트온열매트,318000,가전·디지털
739,[초특가구성][명품사과배세트]경북사과 대사이즈 4kg+나주 배5kg,39900,식품·건강
1301,천연모 일반롤 1개,10000,화장품·이미용
220,[단품] 한경희 스팀다림 파워핸디,79000,가전·디지털
399,(50인치)삼성 LED TV + 삼성무선홈시어터 UN50H6400AF+HW-H450,1749000,가전·디지털
669,[설특집]국내산 손질갈비 총2.8kg+쇠고기 다용도양념 4팩,68210,식품·건강
1144,[보닌(VONIN)] [보닌] 더 캐릭터 골드 패키지,57000,화장품·이미용
980,자연산 통 손질문어 6팩,38900,식품·건강
978,이경희박사 체지방 더블컷 다이어트 버닝 4박스/60일분,100710,식품·건강
1078,[단품] 썬킬 미네랄 파우더 바디&페이스 대용량 퍼프형,38000,화장품·이미용
28,3만원 파격세일! 쿠쿠 풀스텐 타철명장 IH,297000,가전·디지털
901,린찐탕수육 8팩 + 린찐사천탕수육 3팩 더(소스포함),49900,식품·건강
1143,"[한정생산,한정판매!] RE:NK 고현정의 피부색의 비밀! 여왕의 시크릿 크림 시즌2 - 리미티드 K세럼 포함 특집 패키지",99000,화장품·이미용
919,닥터 써큐원 4세트/8개월분,163800,식품·건강
876,[단하루특집]정관장 홍삼활력 총150포+정관장 홍삼원 총150포+파우치 커터기 1개,257000,식품·건강
129,이승기 CF속 바로 그 정수기!! 쿠쿠 렌탈얼음정수기 (냉온수기: CP-H501HW 컴팩트형 / 냉수전용: CP-H401HW),0,가전·디지털
701,산지직송 제주 은갈치 [갈치 33토막 + 대고등어 20팩 ],58110,식품·건강
1151,"[터치바이이경민(TOUCH by LEE KYUNG MIN)] [TOUCH by 이경민] 크림 인 파운데이션 본품 2개 + 리필 3개 + 베이스 1종 + 립케어루즈 1종 + 익스트림라인 기초 3종 + 무료체험분, 롯데 런칭 특별 패키지",79000,화장품·이미용
550,"[공중파 집중] 유지인 백수오 궁 1+1+1 박스 (총 3박스, 총 3개월 분)",172000,식품·건강
1296,★오직 GS단독 방송! 방송중에만!!베리떼 24h 파운팩트 세트,76000,화장품·이미용
1167,[아이오페(IOPE)] [아이오페] 립앤치크4g,35000,화장품·이미용
941,홍용식 유기농 치악산 산채나물 총7팩,38900,식품·건강
108,파워 도깨비 방망이 V-8000-1,99000,가전·디지털
479,코웨이 렌탈정수기 에코포트 냉온정수기 (모델명 : CHP-290N) / 애플정수기 (모델명 : P-251N),0,가전·디지털
859,괌 온워드 4일 [아동반값+15大특전+워터파크] 5/7~6/30 수/목/금/토 출발 성인,799000,식품·건강
1239,AHC 프리미엄 리얼아이크림 포페이스 세트,79000,화장품·이미용
956,맛젤 해남 호박고구마 8kg,28710,식품·건강
337,삼성 Full HD 3D LED 스마트 TV 121cm UN48H6400AF + 삼성 무선홈시어터 사운드바 HW-H4... [사은품 : 삼성 쎈 청소기 + 3D안...],1499000,가전·디지털
906,2013 NEW 하루한줌 견과세트,59900,식품·건강
1117,리제떼 매직 화이트닝 크림 세트,68210,화장품·이미용
374,(단품) 파나소닉 음파 진동칫솔,34000,가전·디지털
1266,AHC 프리미엄 리얼아이크림세트,77220,화장품·이미용
817,신라명과 고구마미인 70gX25봉,38900,식품·건강
850,안국 고함량 루테인 10박스/10개월분+선샤인 비타민D 5병/10개월분,143320,식품·건강
255,[에넥스텔레콤] [에넥스텔레콤/385요금제/36개월] 에넥스텔레콤 LG L70 + 삼성전자 아티브북9 Lite 노트북 패키지,1359600,가전·디지털
555,정관장 홍삼활력 5박스/총150포,260320,식품·건강
886,닥터슈퍼칸 12박스/12개월,158000,식품·건강
930,안동 검은콩낫또 45gX56개,53370,식품·건강
521,한삼인 순홍삼 270포/9개월분+선물용쇼핑백 9장,176000,식품·건강
652,차병원 리얼다이어트 8박스/8주분,122260,식품·건강
1353,[한율] [단품] 한율 피니시 에센스 50ml (주름/미백 이중 기능성),69000,화장품·이미용
546,박용우의 리셋 다이어트 총4주분+박용우 리셋비타 총4주분+쉐이커 1개,183360,식품·건강
69,[다니엘크레뮤MEN] 14''SUMMER 캐쥬얼수트 패키지 + 방송중에만! 모달티셔츠 2종 사은품!,188000,가전·디지털
55,루헨스 파스퇴르 저온살균 정수기 (WHP-1600/WHP-1600S),0,가전·디지털
353,[쿠쿠(CUCKOO)] 쿠쿠 직수형 정수기 렌탈,0,가전·디지털
636,기장 저칼로리 다시마해초국수 / 본구성:★ 다시마해초국수 200g x  / 특별구성:★ 다시마해초국수 200g x,39900,식품·건강
394,단품_GPS 수신기,35000,가전·디지털
1439,실크테라피 15ml [(실크테라피 15ml)],5000,화장품·이미용
502,[단하루특집]락앤락 리빙박스 8개,84800,식품·건강
594,"[상상초월! 8종 모두 69,900원]블루랭스 8ight-T 썸머 8종",69900,식품·건강
1365,"[허니블룸 by 태양(HONEY BLOOM BY TAEYANG)] [허니블룸바이태양] 볼륨 클렌징 트리트먼트 2,600ml + 큐티클 헤어 브러쉬 + 무료체험분 + 스페셜 에디션 100ml 추가! 최대용량 초대박패키지",78800,화장품·이미용
283,프렌치불 도자기 전기 티포트,120000,가전·디지털
1334,[참존] [참존] 탑뉴스 GE 링클 액티브 전구성 정품 1+1 완벽더블 패키지,79200,화장품·이미용
1381,볼륨의 신 혁명~! 최저가 구매찬스!원장님 볼륨고데기! JMW 롤리에스 볼륨고데기,58900,화장품·이미용
1232,[상품평이벤트]데메테르 퍼퓸바디세트,67320,화장품·이미용
714,빅마마 이혜정의 깜짝 스프,39900,식품·건강
1100,"[참존] [크레이지마켓][참존] 희부탄 기초세트 스킨,로션 1+1 + 탑스타일 수분크림 1+1 완벽더블패키지",35910,화장품·이미용
1425,RE:NK 리얼 화이트 젤크림(미백라인),95000,화장품·이미용
463,[LG TV] [55팩] LG 시네마 3D 스마트 TV 138cm (55LA6230) + LG HD LED TV 72.3cm (29MN33D) + LG 풀HD LED TV 54.6cm (22MA53D),2625550,가전·디지털
937,[알렉스 참숯직화 스테이크(ALEX STEAK)] 시즌 2  알렉스 참숯직화 스테이크20팩,58900,식품·건강
1173,수려한 커버쿠션 본품 리필,18000,화장품·이미용
1361,르페르 앱솔루트 안티에이징 케어 4종 키트,128000,화장품·이미용
1089,[단품]조성아22 마이페이보릿 키트,69000,화장품·이미용
773,여수 돌산갓김치 3kg,20900,식품·건강
54,[휴롬] 2세대 휴롬 원액기 (HH-SBF11),358000,가전·디지털
964,박경호의 녹용활력 총120포+쇼핑백 2매,129000,식품·건강
523,맷돌로 갈아만든 국내산 검은콩 두유 1박스(20포),25000,식품·건강
128,"[렌탈] 라클라우드 라텍스 매트리스 월 21,900원부터X39개월",0,가전·디지털
1384,[에스앤와이(S&Y)] S&Y 리프팅 솔루션 세븐,39000,화장품·이미용
472,[리큅] 리큅 식품 건조기 [LD-918B] + 하이트레이 2단 추가 증정,118000,가전·디지털
1007,[아이오페(IOPE)] [단품]아이오페 에센셜 미네랄 스파크림 50ml,72000,화장품·이미용
157,[릴레이팡팡 상품] [TV/단품]푸마브리프1종-플레티넘1차,31000,가전·디지털
888,참바다 복분자 민물 장어구이 9미,78110,식품·건강
1026,[아이오페(IOPE)] [단품] 아이오페 안티링클 인텐시브 크림 50ml,94000,화장품·이미용
1208,리더스 링클 설기획 패키지-1,147000,화장품·이미용
1186,메디엘 퍼밍 마스크 세럼 패키지,86330,화장품·이미용
585,한복선 사골 도가니 곰탕 [(떡국떡 1KG 추가)],49900,식품·건강
874,영산포 숙성 홍어 모둠살회 200gX4팩+홍어 몸살회 200gX2팩+홍어회 무침 300gX2팩,38900,식품·건강
109,파워 도깨비 방망이 V-8000-1,99000,가전·디지털
1171,[이자녹스] [단품] 이자녹스 리액티브 프레스티지 컨센트레이팅 아이크림,72000,화장품·이미용
203,해피시스템 풀세트(광파) / 본구성:해피시스템 에어마사지기 ?/ 특별구성:특별구성 : 발지압패드(일,255940,가전·디지털
271,삼성 스마트 Full-HD 3D LED TV 152cm UN60F6400AF [추가구성 : 삼성 무선홈시어터 사운드...],3129000,가전·디지털
1209,(인터넷)마몽드 기초세트,63000,화장품·이미용
45,다기능 영양식제조기 e-영양왕+사은품 3종,189090,가전·디지털
602,농협 안심 벌꿀 500gX5병+휴대용 용기+보온보냉병,58310,식품·건강
495,L: 삼성 ATIV Book 4 프리미엄팩 NT450R5E_K2H [인텔 3세대 아이비브릿지 펜티엄 듀얼...],848000,가전·디지털
549,[독도사랑(DOKDOSARANG)] 독도사랑 국내산 반건오징어(15미_진공팩 포장배송),29900,식품·건강
177,[브레라한정판] 2014년 5주년 축하 글램 메쉬(GLAM MESH)백 + 글램 미니백,228000,가전·디지털
541,★알프랑 5초원터치 텐트 6인용 / 본구성:그늘막&캠핑 텐트 + 폴대4e / 특별구성:사은품: 방수시트,124800,식품·건강
661,[사조] 국내산 반건조 오징어 [총 10미],30900,식품·건강
91,L: 삼성 스마트 Full-HD 3D LED TV 138cm UN55F6360AF [사은품 : 삼성 무선홈시어터 사운드바...],2429000,가전·디지털
566,"""생로병사의 비밀""폴리코사놀 3개월분",150000,식품·건강
579,옹고집 울금청국장 500gX5팩+호박보리된장 500g,38900,식품·건강
412,도깨비 방망이(V8000-1)+사은품,95000,가전·디지털
1244,A.H.C 프리미엄 리얼 아이크림 포 페이스(콜라겐기초세트),78000,화장품·이미용
497,노비타 비데 슈퍼슬림+원플러스 올리브 종합세트,190040,가전·디지털
1360,[참존] [참존] 탑뉴스 GE 링클 액티브 롯데단독 패키지,98000,화장품·이미용
1110,베리썸 웁스립틴트팩세트,68210,화장품·이미용
1159,[참존] [단품]참존 화이트 플라워 캡슐 크림 50ml,57000,화장품·이미용
443,"[삼성 아티브북 4 고급팩: 블랙][사은품 삼성 컬러복합기 증정][NT450R5E-K1CB] /16:9LED/INTEL 3세대아이비브릿지 PENTIUM? DUAL CORE PROCESSOR 2117U(1.80 GHZ,2MB L3 CACHE)/15.6형/4GB/500GB/WINDOWS 8.1(64BIT) 탑재/블루투스4.0",739000,가전·디지털
1485,한율 고결 에센스 35ml,75000,화장품·이미용
954,[방송특별혜택]정관장 홍이장군 2단계 20ml x 30포 x3박스+본품 10포 (총 100포) (5~7세용),290000,식품·건강
533,보나베띠 수제통살 찹스테이크 [10팩],59900,식품·건강
529,전립소 쏘팔메토 스페셜 3박스/6개월,154050,식품·건강
702,하이포크 맛의 레전드 슬라이스 족발+미니족발,38900,식품·건강
1063,셀더마 하이드로겔 시트 시즌 7 아이패치 [(단품)],30000,화장품·이미용
1422,엘렌실라 엘렌실라 달팽이크림50g+50g튜브+슈퍼화이트닝크림50gx5통,39000,화장품·이미용
961,(m) 면역&글루칸 4개월분 (쇼핑백 4장 증정),208000,식품·건강
1020,[참존] [참존] 탑뉴스 GE 링클 액티브 패키지,89100,화장품·이미용
1373,[로얄 골드(royal gold)] [로얄골드] 파운데이션세트 대박구성,78900,화장품·이미용
72,필립스 에어프라이어 HD9230,279000,가전·디지털
707,[퍼스트룩아웃도어] 14SS 슈퍼라이트 3레이어 하드쉘 여성용,298000,식품·건강
500,전철우의 안창살구이 600gX9팩,68210,식품·건강
1229,[단하루특집]엘렌실라 달팽이크림세트,77220,화장품·이미용
384,다본다 블랙박스 드림 16G,309000,가전·디지털
1476,헤어하기 정말 쉽다!10 in 1 비달사순 멀티스타일러,59000,화장품·이미용
965,[이롬 황성주 과채생활] 레드 40팩 (110ml*20팩*2박스) + 퍼플 40팩 (110ml*20팩*2박스) 총 80팩!!!,60900,식품·건강
576,동인동 매운찜갈비 7팩,58310,식품·건강
200,(더블렌즈패키지)캐논 DSLR 100D  18 55줌렌즈 40mm단렌즈,1008000,가전·디지털
503,주원산오리 미소훈제 16팩+후레쉬겨자소스 110g,58310,식품·건강
1448,AHC 프리미엄 리얼아이크림 포페이스 세트,79000,화장품·이미용
537,블루다이아몬드 오손도손 건강한 견과 20gX120봉,58310,식품·건강
19,"[캐논(CANON)] [화이트] 캐논 정품 최신 DSLR EOS 100D 화이트 더블렌즈 패키지(40mm,18-55mm렌즈)",792960,가전·디지털
860,바로먹는 웰빙해초 20gX16봉,38900,식품·건강
1351,A.H.C 오리지널 모델링 마스크 팩 세트(비타파이브크림 2종),98000,화장품·이미용
1274,프랑스 럭셔리 향수 4종세트 (텐더로즈 100ml+마리나드부르봉 30ml+프레스티지허니 100ml+레버렌스 30ml),78110,화장품·이미용
1179,(단품)플루 스크럽 오리엔탈 진 플러스 200g,18000,화장품·이미용
181,아이나비 블랙박스 Mach View 32G,303050,가전·디지털
450,가마솥 중탕기 웰빙 오쿠(OC-2200PR/PB),358000,가전·디지털
997,건강담아 꾸지뽕 잎 300gX2팩,58310,식품·건강
1136,리더스 링클 더쎈 뷰티 특집 ,147000,화장품·이미용
1052,[특별구성]무드매쳐 커버매직 파운데이션세트,68210,화장품·이미용
1403,★최초 씨씨크림 2개 증정+정품최다구성까지★[SEP]겟잇뷰티 화제의 마스크! 셉 코르셋 마스크팩 세트,109000,화장품·이미용
331,파워 도깨비 방망이 V-8000-1,99000,가전·디지털
338,[LG TV] LG 시네마 3D 스마트 TV 106cm[42],999000,가전·디지털
1469,[조성아 22 (CHOSUNGAH TWENTYTWO)] [단품] 조성아22 바운스업팩트 마스터 리필,28800,화장품·이미용
968,[오직방송중!아름다운 여성을 위한]백수오시크릿 3+2병[총5병구성],247000,식품·건강
648,"한복선 LA갈비 9팩 [(500g*9팩, 총 4.5kg)]",69900,식품·건강
1069,댕기머리 진기현 샴푸 풀세트(G&M악어무늬백),118000,화장품·이미용
1421,[수려한] [단품] 수려한 자우 크림,129000,화장품·이미용
711,[단하루특집]정관장 홍삼정옥고 100gX12병,289000,식품·건강
1492,페이셜오일 30ml,75000,화장품·이미용
1198,베리떼 멀티쿠션DX [(쿠션5개용량+에센스워터+워터캡슐에센...],0,화장품·이미용
391,"[월 할부금 42,417 X 24개월] 삼성 올인원PC 21.5인치 [2014년 1월 출시] 21.5"" 풀HD LED / AMD 쿼드코어 / 4GB / 500GB 하드디스크/ WINDOWS8.1 탑재 / 무선키보드&마우스",1048000,가전·디지털
1338,해리메이슨 트리플 세라믹 워치(여) + 레이디 체인백,198000,화장품·이미용
289,설치고객 사은품 (네오플램 IH전용 3종 SET) 증정!쿠첸 렌탈 하이브리드 3구 렌지 (인덕션 2구 + 하이라이트 1구),0,가전·디지털
910,[단하루특집]정관장 홍삼정옥고 100gX12병,285540,식품·건강
222,애니롤 에그마스터 K599 [오일스프레이용기+스틱 10개+노른자분...],39800,가전·디지털
1005,[베리떼] [단품] 베리떼 멜팅루즈 SPF 15,35000,화장품·이미용
828,농협중앙회 자연향 복숭아 세트 [3kg + 3kg 총 6kg (22∼...],33900,식품·건강
619,황금곡물 혼합구성(렌틸콩 12팩*400g + 황금귀리 12팩*400g),49900,식품·건강
1200,지그재그 무빙 마스카라,67710,화장품·이미용
216,앤 바디(N body) 플러스 패키지,99000,가전·디지털
1095,허니블룸 BY 태양 클렌징 트리트먼트 리필 400ML + 400ML,45000,화장품·이미용
259,L: 삼성 스마트 Full-HD 3D LED TV 101cm UN40F6360AF [사은품 : 삼성 무선홈시어터 사운드바...],1349000,가전·디지털
1113,[로얄 골드(royal gold)] [로얄골드] 레디언트 크림,64000,화장품·이미용
1322,데메테르 칙칙 썬 스프레이 [(단품)],29000,화장품·이미용
1481,닥터코스 최대용량 패키지,78000,화장품·이미용
1386,[베리떼] [단품] 베리떼 안티링클 에센스 30ml (주름개선 기능성 화장품),74000,화장품·이미용
950,영암 황토 호박고구마 [총 9kg + 고구마 직화구이 냄비],39900,식품·건강
1473,댕기머리 진기현 샴푸 풀세트(조리기구세트),118000,화장품·이미용
1377,[단품] 네이처베이스 스파필링 BY 황금희_바디용,35000,화장품·이미용
706,[서재걸의 리얼톡(Real Talk)] 서재걸의 리얼톡 해소과채(4주) + 해소밥상(4주) / (10g*28포 + 30g*28포),138000,식품·건강
692,바로먹는 대림선 고급어묵 총40개+어묵탕 6팩,38900,식품·건강
1249,AHC 프리미엄 리얼아이크림 포페이스 세트,79000,화장품·이미용
252,(기본팩)삼성 아티브북+컬러잉크젯복합기 NT270E5G-K1LB,779000,가전·디지털
309,"[렌탈] 코체안마의자 스카이700 (월 59,500원 x 39개월) ",0,가전·디지털
854,국내산 大반건조오징어 230gX10팩,39900,식품·건강
407,단품_상시전원케이블,15000,가전·디지털
1426,셀더마 하이드로겔 마스크팩 시즌 7,99000,화장품·이미용
1251,AHC 프리미엄 리얼아이크림 포페이스 세트,79000,화장품·이미용
1396,(단품)A.H.C 프리미엄 리얼 아이크림 포 페이스 ,47000,화장품·이미용
748,[이경제선식] 이경제 더 힘찬 선식 13박스 (30g*10포*13박스/130포),98900,식품·건강
296,가마솥 중탕기 웰빙 오쿠(OC-2200PR/PB),358000,가전·디지털
1305,RE:NK 엑스트라 모이스트 더블 이팩트 아이크림,70000,화장품·이미용
387,(M)아이나비 블랙프라임16G(차선이탈시스템),309000,가전·디지털
269,"[삼성 아티브북4 화이트]삼성 ATIV북 4 [NT450R5E-K3CW] 39.6CM(15.6형) / 16:9 LED / 인텔 3세대 아이비브릿지 듀얼코어 CPU I3 PROCESSOR 3120M(2.50GHZ,3MBL3CACHE) / 8GB / 1TB / WINDOWS 8.1(64BIT) /블루투스 4.0",919320,가전·디지털
1227,데메테르 향수 [(단품)],29000,화장품·이미용
326,바디프랜드 안마의자,0,가전·디지털
699,곤드레밥용 나물 15gX30봉,38900,식품·건강
512,"[미국 판매 화제! 다이어트 신소재 ''잔티젠'']허리둘레, 체중 감소! 기초대사량 증가!하루에 한알로! V24 다이어트 프로그램 8주",138000,식품·건강
1294,천연 미네랄 100% 미네랄 썬킬 트리플 패키지 최다 정품(마스크팩 2박스),68000,화장품·이미용
290,L: 삼성 ATIV Book 4 프리미엄팩 NT450R5E_K2H [인텔 아이비브릿지 펜티엄 듀얼코어 2...],898000,가전·디지털
352,웰메이드 휴롬★ 한경희워터클리즈 증정!2세대 휴롬 원액기 HH-SBF11,358000,가전·디지털
1126,[수려한] [단품] 수려한 채아율 에센스,109000,화장품·이미용
927,[단하루특집]장재식의 4채3과이야기 총63회분,125000,식품·건강
526,한복선 궁중 포기김치 [(포기김치 10kg)],39900,식품·건강
591,[정관장] 홍삼활력플러스(40mlx30포) 2박스 / 총60포,114920,식품·건강
1138,[해롯(HARROTT)] [단품] 해롯 젤 오프 팩 리무버 50ml,14000,화장품·이미용
97,"최초 커버1장 증정!(더블사이즈)[일월 온수매트]2014년형 좌우 분리난방 온수매트 더블 (200 x 145cm), 싱글 (200 x 100cm)",269000,가전·디지털
449,[삼성 TV] [55+29팩] 삼성 Full HD 3D LED 스마트 TV 138cm (UN55F6360AF) + 삼성 HD LED TV 72cm (UN29F4200AF),2799000,가전·디지털
441,가마솥 중탕기 웰빙 오쿠(OC-2200PR/PB),358000,가전·디지털
1001,지그재그 무빙 마스카라 기기 [(단품)],69000,화장품·이미용
94,"화질은 역시 LG 말이 필요없는 스마트TV[50]LG 시네마 3D 스마트 LED TV(125cm)_50LA6250S,W [스탠드형,벽걸이형]",1759000,가전·디지털
572,보령 We(위)러브 양배추브로콜리액 총120포,97020,식품·건강
7,린나이 3구 스마트 센서레인지 (RTR-AN301),299000,가전·디지털
199,(단품)라푸마 DSLR 백팩,159000,가전·디지털
1082,천연모 일반롤 1개,10000,화장품·이미용
753,[꾸이맨(GGOOEMAN)] 꾸이맨 30팩,29900,식품·건강
1295,천연 미네랄 100% 미네랄 썬킬 트리플 패키지(골드메탈클러치),68000,화장품·이미용
1498,[CJ독점! 차원이 다른 살롱염색] 순수 더 살롱컬러 단품,30000,화장품·이미용
1106,[셀럽 바이 재클린(CELLUV BY JACQUELINE)] [단품] 셀럽 by 재클린 인텐시브 리페어 샴푸: 스칸디나비안 키에로 480ml 1종,48000,화장품·이미용
306,[바디프랜드(BODYFRIEND)] 바디프랜드 안마의자 렌탈,0,가전·디지털
905,위드네이처 멀티비타민 앤 미네랄 총9병,163800,식품·건강
902,신효섭의 오리지널 갈릭비프 스테이크 150gX25팩,58310,식품·건강
196,[스타키] [스타키 보청기] 스타키 보스 보청기(한쪽형 주문 후 1개 추가),1500240,가전·디지털
277,LG오메가 트리플,86240,가전·디지털
423,애니롤 에그마스터 K599 [오일스프레이용기 +스틱 10개 + 노...],39800,가전·디지털
474,2014년형 스팀보이 온수매트(싱글) [[2000×1000mm] ],164000,가전·디지털
88,[렌탈] 현대정수기 프리오,0,가전·디지털
213,"일시불 리큅식품건조기(트레이) / 본구성:본체1개, 일반트레이 4단,  / 특별구성:사은품 1.높은트레이 2단 (",118000,가전·디지털
1184,[게리종(GUERISSON)] [GUERISSON] 게리쏭 마유 크림 롯데 단독 패키지,78000,화장품·이미용
480,스위스 밀리터리 14.4V 해머드릴 전용배터리 (스위스밀리터리14.4V 해머드릴 전용),39000,가전·디지털
674,정관장 홍삼활력 PLUS 7박스/7개월,327000,식품·건강
1309,[게리종(GUERISSON)] [단품 GUERISSON] 게리송 마유 크림,53000,화장품·이미용
308,2014년형 일월 듀얼하트 온수매트(싱글) [[2000×1000mm]],149000,가전·디지털
808,(m) 사이즈핏 인앤아웃 다이어트 8주분[탄수화물 중독+운동 싫어하는 그녀를 위한 방법],138000,식품·건강
241,L: 삼성 스마트 Full-HD 3D LED TV 152cm UN60F6400AF [추가구성 : 삼성 무선홈시어터 사운드...],3129000,가전·디지털
209,도깨비 방망이 [V 8000],98000,가전·디지털
1343,[REPERE 3주년 특집] 르페르 2013 스페셜 안티에이징 라인_방송 중 REPERE 로얄 드 캐비아 정품 증정! + 상품평 추첨 100명 구찌키링!,398000,화장품·이미용
279,[삼성 아티브북9 라임그린][사은품:한컴오피스2014 증정][천송이 노트북]33.7CM(13.3형)/HD LED/AMD QUAD-CORE PROCESSOR CUSTOMIZED FOR SAMSUNG(UP TO 1.4GHZ)/4GB/128GB SSD/WINDOWS8.1/블루투스4.0 /고급파우치 증정,879000,가전·디지털
801,닥터 써큐원 4세트/8개월분,158000,식품·건강
1119,보닌 골드 남성기초세트,56430,화장품·이미용
1383,[로얄 골드(royal gold)] [로얄골드] 레디언트 크림,64000,화장품·이미용
924,정관장 홍이장군 3단계 총100포,349000,식품·건강
873,녹십자HS 명장 총14박스/14개월분,146440,식품·건강
1105,"[코리아나] [단품] 코리아나 발효 화이트닝 크림 50ml / 미백, 주름개선 기능성",59000,화장품·이미용
944,핀란디아 블루베리 12통,190100,식품·건강
1260,[아이오페(IOPE)] [단품] 아이오페 에센셜 스킨 부스팅 세럼,63000,화장품·이미용
1234,천연모 일반롤 1개,10000,화장품·이미용
57,도깨비 방망이(V8000-1)+사은품,95000,가전·디지털
273,[삼성 TV] [The New 46+29팩] 삼성 Full HD 3D LED 스마트 TV 116cm (UN46F6360AF) + 삼성 HD LED TV 72cm (UN29F4200AF),1929000,가전·디지털
1011,더마 캡슐 매직 클렌저 패키지 [/말캉말캉 매직캡슐로 노폐물은 밀고 ...],79000,화장품·이미용
1048,[수려한] [단품] 수려한 채아율 크림,97000,화장품·이미용
517,[장길영사과] 2014 장길영 사과4kg,33000,식품·건강
899,정관장 홍삼활력 총150포+정관장 홍삼원 총150포+파우치 커터기 1개,260320,식품·건강
847,2013년 햇 봉화사과 총7kg,32310,식품·건강
564,[단하루특집]안동 검은콩낫또 45gX54개+검은콩청국장 100gX5개,58310,식품·건강
76,바디프랜드 안마의자,0,가전·디지털
595,배윤자의 착한 한우도가니탕 24인분+도가니수육 15인분,39900,식품·건강
388,[씨코] 씨코 3구 전기렌지 [CHC-007N],388000,가전·디지털
1150,리더스 링클 빅3 크림 스페셜 패키지 ,147000,화장품·이미용
347,[구들장] (거실형+싱글)2015년형 구들장 온수매트,408000,가전·디지털
385,도깨비 방망이(V8000-1)+사은품,95000,가전·디지털
291,[구들장] (대형)2014년형 구들장 온수카페트,174000,가전·디지털
1029,[단품] 썬킬미네랄 교체형 퍼프,4000,화장품·이미용
1433,이금희 피부밥 토탈 퍼펙션 스페셜 패키지(곡물라인)-4,158000,화장품·이미용
904,피앙세 다이어트 사이즈핏 (1박스/2주분),79000,식품·건강
1357,데메테르 멀티 오일 [(단품)],45000,화장품·이미용
988,영암 황토 호박고구마 [총 9kg + 고구마 직화구이 냄비],39900,식품·건강
116,L: 삼성 스마트 Full-HD 3D LED TV 101cm UN40F6360AF [사은품 : 삼성 무선홈시어터 사운드바...],1349000,가전·디지털
737,남도 갓 김치 총6kg,28710,식품·건강
639,국내산 햇 손질꽃게 11팩,58310,식품·건강
453,2015년형 삼원온스파 온수매트[양모온수_퀸],348000,가전·디지털
1101,[필앤커버 단품] 링클케어 로션 130ML,35000,화장품·이미용
963,동인동 매운찜갈비8팩,58310,식품·건강
397,필립스 소닉케어 음파칫솔 HX-6754,159000,가전·디지털
787,[천호식품] 마시는 천호식품 흑마늘진액 플러스(plus) 3박스 + 추가 1박스 더!! + 쇼핑백 2장 증정 !!(총 120포/포당 80ml),158000,식품·건강
426,동양매직 전기레인지 렌탈서비스,0,가전·디지털
1088,파라팜 퍼퓸 에어 볼류머 리필 피치소르벳 8g,24000,화장품·이미용
890,[단하루특집]정관장 홍삼정옥고 100gX16병,289000,식품·건강
249,리큅 식품건조기세트+사은품 5종,117460,가전·디지털
1431,에센셜 스킨 피니쉬베이스 50ml,75000,화장품·이미용
438,[렌탈] 현대정수기 프리오,0,가전·디지털
105,삼성 쎈 청소기 VC-PU500,109000,가전·디지털
1374,[로얄 골드(royal gold)] [로얄골드] 레디언트 파운데이션,64000,화장품·이미용
1241,AHC 프리미엄 리얼아이크림 포페이스 세트,79000,화장품·이미용
1116,리더스 내츄럴 썬 스프레이패키지9,58900,화장품·이미용
864,[런칭상품]한삼인 순홍삼진 210포,268000,식품·건강
544,[롯데헬스원] 롯데헬스원 마테다이어트 2세트(6주)+2세트(6주),147000,식품·건강
581,[1등 김치 종가집] 종가집 포기김치 9.5kg + 총각김치 1kg 더!!!!!!,50900,식품·건강
160,[가격할인]쿠쿠 타철 명장 IH 6인용,228700,가전·디지털
1169,벨레스피아니 로즈 베일 마스크 런칭세트,79000,화장품·이미용
552,프리드라이프 상조서비스,0,식품·건강
1287,진세노: 정 링클 리페어링 크림 50ml,120000,화장품·이미용
774,닥터슈퍼칸 12박스/12개월,158240,식품·건강
1185,[조성아 22 (CHOSUNGAH TWENTYTWO)] [조성아22] 바운스업팩트 마스터 본품 2개 + 리필 2개 + 리얼췩 스무더 1종 + 무료체험분! 롯데단독방송 특별패키지,78900,화장품·이미용
1297,피지오겔 크림 75ml,27000,화장품·이미용
467,[메이페어 디너 풀세트+썬라이즈 용기 28P증정!][화이트] 최신상 2세대 휴롬원액기 HH-SBF11,358000,가전·디지털
716,가야농장하루과채100팩 / 본구성:가야농장 하루과채 (100ml* / 특별구성:가야농장 하루과채 (100ml*,97020,식품·건강
900,[GS SHOP]PB브랜드에서 제안하는 디엣 프리미엄 쿨론 티셔츠4종[GS SHOP]PB브랜드에서 제안하는 디엣 프리미엄 쿨론 티셔츠4종,59900,식품·건강
1002,(web)오리지널 로우 쿠션파운데이션 900억 돌파 패키지,78000,화장품·이미용
1014,리체나 향기염색제 17박스+리체나 워터드롭 퍼퓸헤어에센스 120mlX2+라이카 에코락 5종,68110,화장품·이미용
909,관절팔팔 총6병+선물용쇼핑백 1장,178000,식품·건강
1129,[★초특가★] 즉각적 각질관리기 엠조이,39000,화장품·이미용
238,삼성 Full HD 3D LED 스마트 TV 121cm UN48H6400AF + 삼성 무선홈시어터 사운드바 HW-H4... [사은품 : 삼성 쎈 청소기 + 3D안...],1549000,가전·디지털
312,[가격할인]한경희 스팀청소기세트+청소패드 2장,99170,가전·디지털
159,노비타 비데 슈퍼슬림,180490,가전·디지털
1211,"[CJ단독] 신개념 새치커버틴트 ""차홍 새치붓"" 특별패키지",68900,화장품·이미용
392,[방송]소니 ILCE- A5000Y+SEL50F1.8(트리플렌즈패키지)+알파미니숄더백+트랜샌드 CLASS10 16G메모리+보호필름+1만원인화권,1243000,가전·디지털
1022,로페 볼륨매직 뽕고데기 샤이닝 테라피 60ml,18000,화장품·이미용
106,삼성 쎈 청소기 VC-PU500,109000,가전·디지털
169,[쿠첸(CUCHEN)] 쿠첸 압력밥솥 6인용 (WPQ-C0605EV),159000,가전·디지털
448,LG 휘센 제습기 17리터 [LD-179DRC  노블브라운 _제습능력 17L],549000,가전·디지털
1289,천연유래 미네랄 100%! 썬킬 미네랄 파우더 최대용량 대용량 4개 패키지 + 핸드메이드 참팔찌 시계까지!,69000,화장품·이미용
727,[특별구성]전철우 소갈비탕 500gX10팩+나주곰탕 600gx3팩+장터국밥 600gx3팩,48900,식품·건강
982,정관장 홍삼정옥고 100gX16병+쇼핑백 3장,289000,식품·건강
489,2세대 휴롬원액기 HH-SBF11 [사은품 : BSW광파오븐],398000,가전·디지털
1018,"리더스 링클 3,300억 돌파 특집 기념 패키지8",147000,화장품·이미용
1310,참존토탈에너지 기초세트 / 본구성:[토탈에너지 기초 2종세트] / 특별구성:[희부탄 기초 2종세트]*1세,97020,화장품·이미용
6,[]VIEW-T 와이드 2채널 HD 블랙박스 16G,209000,가전·디지털
311,다본다 뉴클래식 16GB,279000,가전·디지털
638,추억의 직화 군호박고구마 5kg,29900,식품·건강
567,[1촌1명품] 강대인 생명의쌀 유기농 오색미 (3.5KG),29900,식품·건강
1067,수려한 커버쿠션 본품,34000,화장품·이미용
1072,[★한창서의 뷰티쇼-CJ독점 체리블라썸 패키지] 오직CJ에서만! 닥터터브로너스 대용량4종+증용량4종+전용펌프+버블키트+체리블라썸118ML더+체리블라썸 매직밤+상품평시)스와로브스키스톤 목걸이+경품찬스)체리블라썸118ML,79000,화장품·이미용
891,[런칭상품]닥터 퓨어 스킨 티톡 6박스/12주분,141850,식품·건강
1489,망치고데기 최고사양! 3단계 방향조절이 가능한 미라컬[겟잇뷰티]바비리스 미라컬 방향키가 있는 프로버전,160200,화장품·이미용
90,[일월 굿밤 온수매트]2015년형 일월 온수매트  싱글(200 x 100cm),278000,가전·디지털
1091,[로얄 골드(royal gold)] [로얄골드] 레디언트 파운데이션,64000,화장품·이미용
416,김약사네 단백질다이어트 750gX3통+375gX1통+쉐이커,97020,가전·디지털
1419,AHC 캡처 콜라겐 마스크 1박스,45000,화장품·이미용
13,"[꽃보다 할배 특집]스페인/포르투갈 9일_아시아나 직항 (5/23,27)",1990000,가전·디지털
237,삼성 Full HD 3D LED 스마트 TV 138cm UN55H6400AF [사은품 : 삼성 무선 진공청소기 + ...],2026400,가전·디지털
1235,신개념! 까사마루 이동식 3단행거 1+1 세트,178000,화장품·이미용
1079,AHC 블랙캐비어 스킨 [(단품)],36000,화장품·이미용
1444,A.H.C 캡쳐 앰플 3종 세트,78000,화장품·이미용
1488,셀더마 하이드로겔 시트 시즌 7 아이패치 [(단품)],30000,화장품·이미용
584,[서재걸의 리얼톡(Real Talk)] 서재걸의 리얼톡 해소과채 (2주) / 10g*14포,65000,식품·건강
432,[삼성 TV] [46] 삼성 Full HD 3D LED 스마트 TV 116cm (UN46F6360AF),1569000,가전·디지털
1311,아이오페 스파크림 50ml,70000,화장품·이미용
1051,[수려한] [단품] 수려한 채아율 크림,97000,화장품·이미용
1401,(단품)미국 내추럴 헤어케어 NO.1 지오바니 헤어세럼,30000,화장품·이미용
558,해남 황토 호박고구마 [총 4.5kg],20900,식품·건강
482,[단품]한샘 빌트인 정수기,154000,가전·디지털
747,전철우 냉면 30인분,35910,식품·건강
1094,[아이오페(IOPE)] [단품] 아이오페 톤앤링클 케어 아이크림 25ml,71000,화장품·이미용
144,[무방부제/무합성첨가물/무인공색소]소다스트림 천연 프리 시럽 500ML 크랜베리라즈베리,18000,가전·디지털
184,[쿠쿠] 쿠쿠 IH 타철명장 6인용 (CRP-HPXF067SR),257000,가전·디지털
178,[바디프랜드 최대 온라인브랜드 매장][다른곳에서 볼 수 없는 최고의 조건]바디프랜드 렌탈 안마의자 무료 상담예약,0,가전·디지털
1317,[참존] [참존] 탑뉴스 GE 링클 액티브 정품 1+1 완벽더블 스페셜 패키지,98000,화장품·이미용
1247,A.H.C 프리미엄 리얼 아이크림 포 페이스(캡쳐앰플),78000,화장품·이미용
59,[쿠쿠] 쿠쿠 압력밥솥 6인용 [CRP-N067FR],177000,가전·디지털
166,"삼성 아티브북4 프리미엄팩 블루 NT450R5E-K28P(15.6형) 16:9 LED / INTEL 3세대 아이비브릿지 PENTIUM? DUAL CORE PROCESSOR 2117U (1.80 GHZ, 2MB L3 CACHE)/8GB/1000GB/WINDOWS 8.1(64BIT) 탑재/블루투스 4.0",738000,가전·디지털
425,[LG TV] [55] LG 시네마 3D 스마트 TV 138cm (55LA6230),2159000,가전·디지털
1342,[REPERE] 르페르 로얄 마리아주 세럼,230000,화장품·이미용
826,팻번앤블락 다이어트 [팻블락 4주],119000,식품·건강
632,정관장 홍삼활력 PLUS 7박스/7개월,321830,식품·건강
1145,[에스프레소(ESPRESSO)] [단품] 에스프레소 헤어 컬러 에센스(플레티넘:윤광투명),44820,화장품·이미용
1083,[로얄 골드(royal gold)] [단품] 로얄골드 레디언트 립칼라,34000,화장품·이미용
948,배윤자의 착한 한우 사골도가니탕 600gX14팩+도가니수육 220gX4팩,39900,식품·건강
104,[렌탈] 아크비아 탄산수제조기,0,가전·디지털
445,2014년 신제품 출시!LG전자 직수형 냉 정수기 / 직수형 정수기,0,가전·디지털
598,[정관장] 홍삼활력플러스(40mlx30포) 3박스＋홍삼정옥고(10gx5포) 1상자,198740,식품·건강
1491,(web)안티에이징 프리미엄 기초! 이자녹스 리액티브 프리스티지 패키지(1/2),138000,화장품·이미용
127,"[LG전자] LG 쿠킹탭 냉직수형 정수기 렌탈(냉,정수)",0,가전·디지털
650,동인동 매운찜갈비 7팩,59300,식품·건강
960,(m) 면역&글루칸 4개월분,208000,식품·건강
1139,[터치바이이경민(TOUCH by LEE KYUNG MIN)] [단품] TOUCH by 이경민 : 익스트림 쉴드 나이트 크림,64000,화장품·이미용
1120,닥터코스 더쎈 뷰티쇼 최대용량 패키지,78000,화장품·이미용
1165,[조성아 22 (CHOSUNGAH TWENTYTWO)] [단품] 조성아22 리얼 췩 스무더,35000,화장품·이미용
973,안국 고함량 루테인 10박스/10개월분,143320,식품·건강
857,건강담아 꾸지뽕 열매 총3kg,58310,식품·건강
234,삼성 Full HD 3D LED 스마트 TV 125cm UN50H6400AF [사은품 : 삼성 무선 진공청소기 + ...],1343680,가전·디지털
409,[2014년 아카데미 페스티벌 특가] LG일체형PC 최고급형 (22V240-L.AH20K) 무선 키보드/마우스,799000,가전·디지털
230,삼성 Full HD 3D LED 스마트 TV 101cm UN40H6400AF + 삼성 무선홈시어터 사운드바 HW-H4... [사은품 : 삼성 쎈 청소기 + 3D안...],1169000,가전·디지털
50,한일 대용량 스텐레스 믹서기 HMF-3260S,99800,가전·디지털
1368,시크릿 립베놈 6종세트,68110,화장품·이미용
343,[한경희생활과학] 한경희 진공밀대 [VD-20WT],79000,가전·디지털
671,정관장 홍삼활력 PLUS 7박스/7개월,327000,식품·건강
539,박경호의 녹용활력 총120포,122050,식품·건강
1467,메르비 초음파 이온마사지기세트+휘올라 마사지 업 젤 200mlX5개+그레미또만쪼니 패턴 장지갑,210500,화장품·이미용
623,정관장 홍삼활력 총150포+정관장 홍삼원 총150포+파우치 커터기 1개,260320,식품·건강
625,한삼인 진홍삼정 100mlX13병,187000,식품·건강
599,고창 호박고구마 8kg,29900,식품·건강
488,"[직수형정수기,냉온정수기, 얼음정수기 모두 상담예약 가능]쿠쿠 렌탈상품 상담예약",0,가전·디지털
913,장세순 친환경 햇 발아현미 20봉,56820,식품·건강
496,"[에넥스텔레콤]삼성 갤럭시코어(SHW-M585D) + 삼성 40인치 TV 월 36,500원",0,가전·디지털
85,삼원온수매트 퀸+퀸,398000,가전·디지털
386,(M)특집 아이나비 블랙프라임 OBD16G(차선이탈+드라이브X시스템),339000,가전·디지털
334,[블랙-10인용] 쿠쿠 풀스텐 샤이닝블랙 CRP-HNXB107FB,378000,가전·디지털
662,[가격할인]정관장 홍삼활력 PLUS 7박스/7개월,306650,식품·건강
78,[딤채] (221L) 위니아 딤채 뚜껑 221L [DOH223DCW],742260,가전·디지털
1216,(단품)A.H.C 프리미엄 리얼 아이크림 포 페이스 ,47000,화장품·이미용
40,[삼원온스파] [퀸]2014년형 삼원온스파 온수매트,337000,가전·디지털
182,"3인치 LG 와인샤베트 자유요금제![가입비면제+USIM비면제][SKT 신규/번호이동][LG-SH840/LG전자 와인샤베트폰(화이트,블랙)/자유요금제,18개월약정]",0,가전·디지털
981,[가격할인]대상 발효효소의 비밀 프리미엄 총330포,120510,식품·건강
641,그렉노먼 콜렉션 여성 고기능성 아이스스킨 셔츠 3종 + 그렉노먼 정품 선스프레이,99800,식품·건강
1124,엘렌실라 달팽이크림세트,77220,화장품·이미용
1453,[수려한] [단품] 수려한 발효 원액 윤,119000,화장품·이미용
1269,CNP닥터레이 LED관리기,99000,화장품·이미용
1346,셀더마 멀티퍼펙션 100 하이드로겔 팩세트,97020,화장품·이미용
186,[코체] 코체 안마의자 렌탈,0,가전·디지털
1333,[단품] 아이오페 안티링클 인텐시브크림 50ML (주름개선기능성),95000,화장품·이미용
1205,IOPE NEW 인텐스 핑크 더블세트,130000,화장품·이미용
247,삼성 Full HD 3D LED 스마트 TV 116cm UN46F6360AF [추가구성 : 삼성 무선홈시어터 사운드...],1649000,가전·디지털
794,올가니카 볶은 레드퀴노아 200gX10봉,49900,식품·건강
239,삼성 Full HD 3D LED 스마트 TV 121cm UN48H6400AF + 삼성 무선홈시어터 사운드바 HW-H4... [사은품 : 삼성 쎈 청소기 + 3D안...],1499000,가전·디지털
920,하림 즉석 삼계탕 800gX8팩,47900,식품·건강
1009,랑 더블 액션 클렌징 프로그램 100ml * 5병,69900,화장품·이미용
695,참바다 복분자 민물 장어구이 9미,78110,식품·건강
947,바로커 햇참식 프리미엄 30gx80포+쉐이커컵,179540,식품·건강
226,애플 손지압 온열마사지기세트+메디칼드림 뷰티케어마사지기,141340,가전·디지털
115,파워 도깨비 방망이 V-8000-1,96000,가전·디지털
1451,[플루스크럽]오리엔탈 바디 스크럽 3종(200g*2+50g*1)/바디워시/때비누/각질제거/PSOE02X1,12900,화장품·이미용
406,삼성 Clean 파워 청소기 VC442LLDCRGN/UBN [사은품 : 삼성핸디청소기 + 삼성선풍...],0,가전·디지털
589,영산포 숙성 홍어회 총8팩,38900,식품·건강
227,위닉스 뽀송 제습기 16L (DHD-160GSZ),429000,가전·디지털
29,쿠첸 명품철정 IH압력밥솥 6인용 WHA-VE0630iD[명품철정/스마트보온센서/음성안내/자동세척],259000,가전·디지털
302,아이나비 블랙박스 Mach View 16G,279000,가전·디지털
573,[천호식품] 목에좋은 5년근 도라지진액 플러스(plus) 3박스 + 추가 1박스!! (총 100포/포당 80ml)+황사마스크,148000,식품·건강
745,빅마마 뚝딱 만능 간장 [만능간장 4병],49000,식품·건강
325,[한경희생활과학] 한경희 광파오븐 홈쉐프(HO-1000),68000,가전·디지털
1157,메디엘 퍼밍 마스크 세럼 패키지 [(리프팅 마스크 30ml 4개 + 비...],79000,화장품·이미용
1175,[최신상 럭셔리 볼륨쿠션] 수려한 볼륨쿠션 리필,25000,화장품·이미용
1486,[REPERE] 르페르 로얄 마리아주 세럼,230000,화장품·이미용
56,L: 삼성 전자동세탁기 14kg WA14E6K4QRW [사은품 : 삼성진공청소기 + 6단형건...],579000,가전·디지털
911,바로먹는 웰빙해초 20gX16봉,38900,식품·건강
156,★GS특별사은품★ ICC 도자기홈세트 18P 증정![휴롬] 2세대 실버 / HH-SBF11 / 원액기 / 건강주스 / 채소과일주스 / 엄마주스 / 휴롬주스 / 부모님 선물 / 아이 식습관 / 이영애 휴롬 /  추석 선물,358000,가전·디지털
293,[쿠첸(CUCHEN)] 쿠첸 압력밥솥 10인용 (WPS-E1005DRV/WPS-E1003DBV),179000,가전·디지털
1407,(web)오리지널 로우 쿠션 파운데이션 더쎈 뷰티쇼1,78000,화장품·이미용
776,애플트리 악마다이어트 발포가르시니아 4박스/8주분,58310,식품·건강
790,종근당건강 오메가3 8박스/16개월,118000,식품·건강
451,특별사은품 증정! 홈세트12p+ 냄비2종+믹싱볼3종쿠첸 6인용 전기압력밥솥 WPQ-C0605EV 스위트레드,169000,가전·디지털
1080,[오디코디] [방송구성]오디코디 염색제(염색제18박스+파우치2개+숄더백1개),49000,화장품·이미용
1,[딤채] (221L) 위니아 딤채 뚜껑 221L [DOH223DCW],742260,가전·디지털
185,센소터치 3D 전기면도기 RQ1254,319000,가전·디지털
1320,[수려한] [단품] 수려한 석류 앰플수,79000,화장품·이미용
481,스위스 밀리터리 14.4V 해머드릴 전용배터리 (스위스밀리터리14.4V 해머드릴 전용),39000,가전·디지털
1367,[단품] 맥스클리닉 로즈에센스 브라이트닝 마스크 4매세트,28000,화장품·이미용
1155,(web)오리지널 로우 쿠션 파운데이션 더쎈 뷰티쇼1,78000,화장품·이미용
1412,[단품] 휘올라 에스테틱 젤 200ML 5개 SET,58500,화장품·이미용
1452,[댕기머리] [新] 댕기머리 珍氣 현(泫)  샴푸 기본 세트,68000,화장품·이미용
772,생강과흑마늘 120포,115050,식품·건강
455,김수자 셀프 안마기,69900,가전·디지털
257,가마솥 중탕기 웰빙 오쿠(OC-2200PB),358000,가전·디지털
137,한경희 핸디스팀청소기,59800,가전·디지털
884,박경호의 녹용활력 총120포,125770,식품·건강
212,리큅 식품건조기세트+사은품 5종,117460,가전·디지털
691,완도大활전복 총1.31kg/19미,66160,식품·건강
1161,"[조성아 22 (CHOSUNGAH TWENTYTWO)] [단품] 조성아22 바운스 업 팩트 XS 본품 (SPF 50+, PA+++)",51000,화장품·이미용
263,삼성 스마트 Full-HD 3D LED TV 101cm UN40F6360AF [사은품 : 삼성 무선홈시어터 사운드바...],1349000,가전·디지털
640,2013년산 김연도의 웰빙혼합곡 10봉,48900,식품·건강
626,레이먼킴 비프스테이크 15팩,59900,식품·건강
1292,천연유래 미네랄 100%함유! 썬킬 미네랄 파우더 트리플 패키지,69000,화장품·이미용
492,"[LGU+]파격★개통 전 고객 신세계 15만원 상품권 증정! [LTE 망내 무제한 최저 34요금제 + 추가 단말 부담금 없음][LGU+][신규,번호이동,기기변경]옵티머스 G(LG-F180L) [LTE34요금제,가입비/유심비면제]",0,가전·디지털
301,[방송중에만] 엔젤 착즙기,29900,가전·디지털
718,2014 NEW 한줌견과 골드 [110봉],59900,식품·건강
58,락앤락 리빙박스 4개세트 / 본구성:리빙박스 4개(540*370*280,68110,가전·디지털
470,위닉스 뽀송 제습기 13L (DHD-139GSS),459000,가전·디지털
514,영산포 숙성 홍어 모둠살회 200gX4팩+홍어 몸살회 200gX2팩+홍어회 무침 300gX2팩,38900,식품·건강
1092,이자녹스 셀레니엄 오로라 세럼 50ML,130000,화장품·이미용
145,[LG전자] LG WHISEN 제습기 LD-109DDY [라임그린/제습능력10L],322470,가전·디지털
959,육미본가 등심구이세트+키친아트 오로라 다이아몬드 후라이팬 3종,84550,식품·건강
812,김무열의 굿잠베개 4세트,359080,식품·건강
442,TUCA 갤럭시 오토텐트+타프+의자+테이블 full set,432000,가전·디지털
719,닥터슈퍼칸 12박스/12개월,164570,식품·건강
79,[렌탈] 스핀즈 음식물처리기 [(월 39000원/39개월) : SP...],0,가전·디지털
3,보닌 골드 남성기초세트,56430,가전·디지털
100,삼성 쎈 청소기 VC-PU500,109000,가전·디지털
1456,"[허니블룸 by 태양(HONEY BLOOM BY TAEYANG)] [허니블룸바이태양] 볼륨 클렌징 트리트먼트 2,600ml + 큐티클 헤어 브러쉬 + 무료체험분 + 스페셜 에디션 100ml + 여행용 파우치 9장",78800,화장품·이미용
761,이롬 황성주 생식 플러스 10주분+쉐이커 1개,172730,식품·건강
778,대상 다이어트303,168200,식품·건강
368,(m) LG 휘센 제습기  LD-159DFR [15L],459000,가전·디지털
149,코웨이 렌탈 정수기 상담예약,0,가전·디지털
1226,RE:NK 고현정의 피부색의 비밀! 여왕의 시크릿 크림 (일명 빛크림) 시즌2 UPGRADE,79000,화장품·이미용
193,"[5만원 세일특가][최고급팩:레드][사은품:컬러복합기][NT450R5E-K3CR] 39.6CM(15.6형) / 16:9 LED / 인텔 3세대 아이비브릿지 듀얼코어 CPU I3 PROCESSOR 3120M(2.50GHZ,3MBL3CACHE) / 8GB / 1TB / WINDOWS 8.1(64BIT) /블루투스 4.0",928000,가전·디지털
63,[삼성전자] (단품)[VC-H20]삼성 핸디형 진공 청소기,38800,가전·디지털
916,[런칭상품]기장 저칼로리 다시마 국수 세트,43900,식품·건강
1418,GS단독!!닥터 루인스 슈퍼 하이드레이터 수분 필러 1개(15ml),45000,화장품·이미용
770,애플트리김약사네 마시는 악마다이어트 4박스,58310,식품·건강
685,안동 검은콩낫또 45gX48개+검은콩청국장 100gX5개,53370,식품·건강
254,"4.7인치 LG 옵티머스L9 월9,000원 헬로표준요금제![가입비면제+USIM비면제][HELLO MOBILE 신규/번호이동][LG-D700/LG 옵티머스L9/헬로표준요금제,30개월약정]",0,가전·디지털
1240,펌염색머리전용샴푸! 2014년 신상 NEW셀럽by재클린 퍼퓸컬러샴푸 세트,79800,화장품·이미용
1013,방송구매 전고객 진라면 10봉 추가증정!SS샤이니 빵빵고데기 PRO 1+1구성,59900,화장품·이미용
1212,최초!최다!전고객5개용량!24K순금골드가 선사하는 광채커버 로얄골드파운데이션,79900,화장품·이미용
1064,수지의 여름스타일링 오직 방송중에만 1+1 더블에스샤이니 물결빵빵고데기,78900,화장품·이미용
120,"[삼성 아티브북4 블랙]삼성 ATIV북 4 [NT450R5E-K3CB] 39.6CM(15.6형) / 16:9 LED / 인텔 3세대 아이비브릿지 듀얼코어 CPU I3 PROCESSOR 3120M(2.50GHZ,3MBL3CACHE) / 8GB / 1TB / WINDOWS 8.1(64BIT) /블루투스 4.0",978000,가전·디지털
1370,[로얄 골드(royal gold)] [로얄골드] 레디언트 파운데이션,64000,화장품·이미용
1182,무드매쳐 커버매직 파운데이션세트,68210,화장품·이미용
396,아이나비 블랙박스 Mach View 16G,274000,가전·디지털
248,"GS단독방송 [시공주니어] 시공저학년 창작 필독 문고 120권 + 보루네오책장(GS가 119,000원/전권 수납 가능)",389000,가전·디지털
999,[웰츄럴] 델리 하루넛츠 100봉 + 20봉,58900,식품·건강
1369,[SS샤이니(SSSHINY)] [SS 샤이니] 일명 다이아몬드 빵빵 고데기 디지털! 1+1 행사,58900,화장품·이미용
781,빅마마 뚝딱 만능 양념장 [만능장 10병 + 만능육수 10팩 +...],58110,식품·건강
468,[쿠쿠] 쿠쿠 IH 전기압력밥솥 3인용(CRP-HQXT0313FO),237000,가전·디지털
780,아벡솔 지.아이 3박스,188130,식품·건강
744,빅마마 뚝딱 만능 매운장 [만능매운장 500g*3병],39000,식품·건강
683,365일건강 슈퍼푸드 렌틸콩 / 본구성:▣ 렌틸콩 1kg * 5개 / 특별구성:▣ 렌틸콩 1kg * 3개,48900,식품·건강
540,[단하루특집]이경영의 다이어트 비타민 매직 500mgX168정X2박스(8주)+발포가르시니아 플러스 비타민 (7gX14포)X4Box (8주분),160440,식품·건강
286,"필립스 센소터치+정품소형 면도기 하나 더[GS단독!] 필립스 센소터치 RQ1141, 필립스 정품 소형 면도기 하나 더",139000,가전·디지털
1272,영국 왕실 인증 야들리 로얄 잉글리시 데이지 바디로션 250ML,30000,화장품·이미용
22,[리큅] 리큅 식품 건조기 [LD-918B] + 하이트레이 2단 추가 증정,118000,가전·디지털
299,스팀보이 온수매트 싱글,318000,가전·디지털
422,비데+정수기 패키지 상품 1만원 가격 할인혜택!동양매직 렌탈 패키지(냉온정수기 모델명:WPU8236 /비데 모델명:BID-8236),0,가전·디지털
834,견과 1세트,29900,식품·건강
35,(1+1 10만원 Sale) 일월 투웨이 온수매트 더블 싱글 세트,287000,가전·디지털
536,"[다향오리역대최다]무항생제 다향오리 훈제슬라이스 역대최다구성 21팩, 총3.78KG(통오리 5.8마리)에 소스까지!!",54900,식품·건강
783,빨강 웰빙 햇 호두 171gX10봉,44910,식품·건강
1140,[단품] 맥스클리닉 로즈에센스 브라이트닝 마스크 1박스,28000,화장품·이미용
278,[삼성 TV] [스마트 60팩] 삼성 Full HD 3D LED 스마트 TV 152cm (UN60F6400AF) + 삼성 Full HD 3D LED 스마트 TV 80cm (UN32F6400AF),3879000,가전·디지털
933,[고창농협] 고창 황토배기 은빛쌀 20kg,43900,식품·건강
1400,최초! 여행 트레블 키트 4종2014년 신상 NEW셀럽by재클린 퍼퓸컬러샴푸 세트,79800,화장품·이미용
637,워싱턴 싱싱 체리 [300g x 7팩.. 총 2.1kg],40900,식품·건강
464,아이나비 블랙박스 Mach View 16G,274550,가전·디지털
18,"[블랙][사은품:한컴오피스2014 증정] NT270E5J-K41B 39.6CM(15.6형) 16:9 LED /INTEL 4세대 하스웰 듀얼코어 CPU I3 PROCESSOR 4005U(1.70GHZ, 3MB L3CACHE)/4GB/1TB/WINDOWS 8.1(64BIT)탑재/블루투스 4.0/DVD수퍼멀티",868000,가전·디지털
148,[가격할인]한경희 스팀청소기세트+청소패드 2장,99200,가전·디지털
1130,이자녹스 셀레니엄(스킨+에멀전+뉴트리션 크림+오로라 세럼+아이크림+블랙에디션 세럼+블랙에디션 크림+셀리스탈 세럼 + 셀리스탈 크림 + 레드앰플),148000,화장품·이미용
742,무안 황토나라 양파즙 90포,39900,식품·건강
1206,"[허니블룸 by 태양(HONEY BLOOM BY TAEYANG)] [허니블룸바이태양] 볼륨 클렌징 트리트먼트 2,600ml + 큐티클 헤어 브러쉬 + 무료체험분 + 스페셜 에디션 100ml + 블랙에디션 100ml",78800,화장품·이미용
411,냄비 2종 증정!  NEW  대성헬스믹! ,157000,가전·디지털
303,애플 손지압 온열마사지기세트,130650,가전·디지털
565,해남 호박고구마 8kg+직화구이냄비,33210,식품·건강
614,안면도 태양초 고춧가루 3kg,70380,식품·건강
361,동양매직 에어오븐 세트,330600,가전·디지털
838,종근당건강 오메가3 8박스/16개월,118000,식품·건강
827,[가격할인]정관장 홍삼활력 PLUS 7박스/7개월,306650,식품·건강
1399,영국 왕실 인증 야들리 런던 잉글리쉬 로즈 바디로션 250ML,30000,화장품·이미용
51,[바디프랜드(BODYFRIEND)] 바디프랜드 안마의자 렌탈,0,가전·디지털
330,NEW다본다블랙박스클래식16G,269000,가전·디지털
124,[캐논(CANON)] 캐논 정품 최신 DSLR EOS 100D 화이트 패키지(단렌즈팩-40mm 화이트렌즈/화이트바디),868000,가전·디지털
1118,플루 스크럽 오리엔탈 진 플러스 더블세트(라이카 피크닉세트),68800,화장품·이미용
119,[동양매직] 동양매직 아이슬림 냉온 정수기 렌탈 (냉온수기/비데/비데 패키지 선택 가능),0,가전·디지털
272,[제일아쿠아] 아쿠아 냉온 정수기 렌탈,0,가전·디지털
735,대학 찰옥수수 30개,31410,식품·건강
92,2014년 신제품 출시!LG전자 직수형 냉 정수기 / 직수형 정수기,0,가전·디지털
292,FILA 패션브라 스페셜패키지 11종,149900,가전·디지털
1438,헤어에센스 180ml,35000,화장품·이미용
217,[구들장] (싱글)2015년형 구들장 온수매트,153000,가전·디지털
433,쿠쿠 렌탈 정수기 고급형 (투코크) (모델명 : CP-FN601HW),0,가전·디지털
103,"[2014년형 최신상품, 유럽판매 1위]로벤타 에어포스 무선 청소기 RH8462(퍼플)",189000,가전·디지털
883,이경제 황제 침향원 60환,368600,식품·건강
73,[코체] 코체 안마의자 렌탈,0,가전·디지털
1187,IOPE 스템셀 스킨퍼펙션세트,140000,화장품·이미용
846,노르웨이 대서양 大고등어 30팩,39900,식품·건강
322,아이나비 블랙박스 Mach View 32G,304000,가전·디지털
1354,[★초특가★] 즉각적 각질관리기 엠조이,39000,화장품·이미용
600,[정관장] 홍삼활력플러스(40mlx30포) 3박스＋홍삼정옥고(10gx5포) 1상자,198740,식품·건강
830,보령 We(위)러브 양배추브로콜리액 총120포,97020,식품·건강
458,[위닉스(WINIX)] [DHD-139OSS] 위닉스 제습기 13L형,429000,가전·디지털
360,[바디프랜드 최대 온라인브랜드 매장][다른곳에서 볼 수 없는 최고의 조건]바디프랜드 렌탈 안마의자 무료 상담예약,0,가전·디지털
81,"[직수형정수기,냉온정수기, 얼음정수기 모두 상담예약 가능]쿠쿠 렌탈상품 상담예약",0,가전·디지털
593,[정관장] 홍삼활력플러스(40mlx30포) 5박스＋홍삼정옥고(10gx5포) 2상자,331240,식품·건강
101,보람상조(프라임 플러스),0,가전·디지털
656,천연모 일반롤 1개,10000,식품·건강
684,정관장 홍삼활력 PLUS 7박스/7개월,321830,식품·건강
765,곤드레밥용 나물 15gX30봉,38900,식품·건강
456,ME)세피아 재킷+블라우스2종(사) / 본구성:* 구성: 세피아 재킷+블라?/ 특별구성:사은품: 엘리자베스아덴 선,87120,가전·디지털
281,[삼성전자] (15kg) 삼성 전자동 세탁기 15kg [WA15E6K4QSW],534970,가전·디지털
357,[일월(ILWOUL)] (퀸)2015년형 일월 뉴항균 안심 온수매트,189800,가전·디지털
64,[블랙-6인용] 쿠쿠 풀스텐 샤이닝블랙 CRP-HSXB0630FB,328000,가전·디지털
974,[런칭상품]맛젤 새코롬 제주大한라봉 총6kg+쇼핑봉투 2개 (방송 중 35명 경품추첨증정),48900,식품·건강
507,[특별구성]김연도의 웰빙혼합곡 총20봉,58310,식품·건강
925,[200억 생유산균 투입] 뉴트리 디데이 프로바이오틱스 골드 3+1 총 4개월분(500mg x30캡슐x4개) / 장용성코팅캡슐,36600,식품·건강
381,동양 매직 에어오븐 MAF-20B,378000,가전·디지털
454,바디프랜드 렌탈안마의자,0,가전·디지털
979,[단하루특집]이경희박사 체지방 더블컷 다이어트 버닝 4박스/60일분,96810,식품·건강
77,쿠쿠 10인용[CRP-M109FR/FB],198000,가전·디지털
204,(25)한삼인순홍삼10%특집 / 본구성:50mlx30포x6BOX---6개월분( / 특별구성:특별구성 50mlx30포x2BOX--,161490,가전·디지털
655,국내산 햇 손질꽃게 11팩,58310,식품·건강
760,[단하루특집]이경영의 다이어트 비타민 매직 500mgX168정X2박스,142820,식품·건강
65,국내산 햇 손질꽃게 11팩+후라이팬 3종,88010,가전·디지털
751,김무열의 굿잠베개 커버,28800,식품·건강
1429,단 한번! EXR보스턴백!! 상품평시 브러시가 하나 더! 셉 모로칸 가슬 팩클렌저 모공케어와 딥클렌징을 동시에 방송중에만 브러시+토너+세럼까지★,79900,화장품·이미용
1376,[단품] 네이처베이스 스파필링 BY 황금희_바디용,35000,화장품·이미용
755,닥터 써큐원 4세트/8개월분,163800,식품·건강
1141,드루 리프트 파운팩트,55000,화장품·이미용
991,올가니카 볶은 레드퀴노아 200gX10봉,49900,식품·건강
4,위닉스 뽀송 제습기 13L (DHD-139GSS),459000,가전·디지털
143,바디프랜드 안마의자+퀸메이드 르네상스 홈세트,0,가전·디지털
520,웰플러스 멀티비타민,99000,식품·건강
1090,(샴푸 풀세트) 댕기머리 진기현 프리미엄,118000,화장품·이미용
856,퍼스트레이디 에버플라본 3박스/3개월분,149100,식품·건강
848,[단하루특집]왕혜문 생강과 흑마늘 120포,108000,식품·건강
1405,엘렌실라 달팽이크림세트,77220,화장품·이미용
174,"[봄꽃 여행] 오사카+교토+나라+고베 (일,화) 아동  3/23~5/31",404100,가전·디지털
430,[초대박 사은품! 북유럽스타일 메이페어 디너 4인조 풀세트+썬라이즈 정리용기 28P 증정!][화이트] 최신상 2세대 휴롬원액기 HH-SBF11,358000,가전·디지털
1084,천연모 일반롤 1개,10000,화장품·이미용
568,자연이 준 잣 100gX6팩,48900,식품·건강
607,"""생로병사의 비밀""폴리코사놀 3개월분",150000,식품·건강
786,완도大활전복 총1.31kg/19미,68210,식품·건강
377,한일 배연정 안마기,85000,가전·디지털
868,영암 황토 호박고구마 [총 9kg + 고구마 직화구이 냄비],39900,식품·건강
408,단품_상시전원케이블,15000,가전·디지털
201,(화이트 단렌즈패키지)캐논 DSLR 100D 40mm단렌즈,908000,가전·디지털
620,황금곡물 렌틸콩 구성(렌틸콩 20팩*400g),49900,식품·건강
1053,미키모토 펄 브라이트 미백 로션 150ml,77000,화장품·이미용
535,대상 다이어트303 총2개월분,168200,식품·건강
1404,[SEP]셉 아이 리프팅 마스크 1박스(4매),40000,화장품·이미용
724,삼육두유 총102개,38900,식품·건강
841,한삼인 진홍삼정 100gX10병+스푼,192070,식품·건강
822,닥터 써큐원 4세트/8개월분,158000,식품·건강
359,아이나비 블랙박스 Mach View 16G,274000,가전·디지털
114,[쿠쿠] 쿠쿠 풀스텐 IH 샤이닝블랙 6인용 (CRP-HSXB0630FB),363000,가전·디지털
855,고창 호박고구마 8kg+다용도 원형 직화냄비,35900,식품·건강
609,(e)오미희의 행복한 효소본 프리미엄(300포)+무료체험10포 ※5만원세일,173000,식품·건강
1066,수려한 커버쿠션 파운데이션,79000,화장품·이미용
882,이봉원의 뽕원이네 낙지볶음 150gX10팩+소스 50X10팩+낙지볶음용 스테인레스 팬+이가증숙면 볶음면사리 200gX2팩,39900,식품·건강
341,휴스톰 청소기세트+사은품,128920,가전·디지털
792,이경제 황제 침향원 60환,368600,식품·건강
975,[천호식품] 마시는 천호식품 블루베리 플러스 3박스 + 추가 10포 더!!  (총 100포/포당 80ml),164000,식품·건강
461,"[KT] 파격★개통 전 고객 32인치 HD LED TV 증정!★ [LTE 34요금제 + 추가 단말 부담금 없음][KT] 베가LTE M IM-A810K[신규가입,번호이동,기기변경][32 HD LED TV 가입비 분납,유심비 후납,30개월 약정]",0,가전·디지털
596,"[산지애] 새콤달콤 당도선별 햇 왕자두 3kg(개당 중량 90g 이상)+햇 왕자두 3kg (개당 중량 90g이상), 총 6kg",39900,식품·건강
771,30일만에 체지방 3kg가 쫘악~대상 다이어트 303[대상 웰라이프] 다이어트 303!! 30일분(2병) + 30일분(2병) / 총 60일(4병) 구성!!,198000,식품·건강
670,정관장 홍삼활력 PLUS 7박스/7개월,327000,식품·건강
1190,"[허니블룸 by 태양(HONEY BLOOM BY TAEYANG)] [허니블룸바이태양] 볼륨 클렌징 트리트먼트 2,600ml + 큐티클 헤어 브러쉬 + 무료체험분 + 스페셜 에디션 100ml + 블랙에디션 100ml",78800,화장품·이미용
383,삼성 ATIV Book 4 기본팩 NT450R5E_K1H [인텔 3세대 아이비브릿지 펜티엄 듀얼...],799000,가전·디지털
1337,(단품)A.H.C 캡쳐 브라이트닝 앰플(50ml),59000,화장품·이미용
268,[까사온BY까사미아](수퍼싱글) 풍기인견100%누빔침구2세트 + 정통인견카페트,168000,가전·디지털
